{"CACHE_SYNC_FILE_HASH":{"D:\\code\\MoodDiary\\hvigor\\hvigor-config.json5":"30039e782536438ddf78886b1d0951e523664290b83c651719c0338313c78e75","D:\\code\\MoodDiary\\build-profile.json5":"1f9d07c0290927ff0428e3517969334255077d172b1e6ce379e379085e66af0b","D:\\code\\MoodDiary\\hvigorfile.ts":"7c242b921e31fc7f398643c4d9b864287c3f01ff0ed7e8560f4de5a3ce7bbab8","D:\\code\\MoodDiary\\oh-package.json5":"d582afcc3acfa79a01c470d0927f53656b5aa7351f9bf96f9f34c0117e055d26","D:\\code\\MoodDiary\\entry\\build-profile.json5":"a433df60e5b1daa22daeabc853b7beb142783837ab4b325cacdae49d4ab45d46","D:\\code\\MoodDiary\\entry\\hvigorfile.ts":"8cee4aac2c69cabb8ca9ba1fce67744ea40af086947fd64f492d9fa90b01e1fe","D:\\code\\MoodDiary\\entry\\oh-package.json5":"e1244100000065d0d43665079880fc2f3bcef47e16327c14ed57f1dc7c07f032","D:\\code\\MoodDiary\\.hvigor\\outputs\\sync\\output.json":"bc2e6deee6f8d065795f85dcea2cf1e480345dd3cdaa4ffd0e936db852470367","SDK_LOCATION":"D:/software/DevEco Studio/sdk"},"OHPM_INSTALL_FILE_HASH":{"D:\\code\\MoodDiary\\oh-package.json5":"d582afcc3acfa79a01c470d0927f53656b5aa7351f9bf96f9f34c0117e055d26","D:\\code\\MoodDiary\\oh_modules\\.ohpm\\lock.json5":"90cb58cac36eca718d58cbb90a61cdd043e80596f37e4e8a715d965cebdf1cc5","D:\\code\\MoodDiary\\entry\\oh-package.json5":"e1244100000065d0d43665079880fc2f3bcef47e16327c14ed57f1dc7c07f032","D:\\code\\MoodDiary\\oh_modules":true,"D:\\code\\MoodDiary\\entry\\oh_modules":false}}