{"D:\\code\\MoodDiary\\AppScope\\app.json5":{"hashValue":"31d08e046a307a4f5ca5e4969391c56542df3cb8ee2c637673f2c9fc209ac0d6","name":"app.json5","path":"D:\\code\\MoodDiary\\AppScope\\app.json5","type":"file","isSymbolicLink":false,"fileMetaData":{"size":214,"lastModifiedTime":1766708271793}},"D:\\code\\MoodDiary\\entry\\src\\main\\module.json5":{"hashValue":"993c173c4a65387e9d831c7ca0485dde3b028d2ddef0ef972f3e85bd796a2643","name":"module.json5","path":"D:\\code\\MoodDiary\\entry\\src\\main\\module.json5","type":"file","isSymbolicLink":false,"fileMetaData":{"size":1307,"lastModifiedTime":1766708174590}},"D:\\code\\MoodDiary\\build-profile.json5":{"hashValue":"a0f5bc442ef1281428f8ecb200644761175a546c7eea763321f94f902057fc20","name":"build-profile.json5","path":"D:\\code\\MoodDiary\\build-profile.json5","type":"file","isSymbolicLink":false,"fileMetaData":{"size":798,"lastModifiedTime":1766702740573}},"D:\\code\\MoodDiary\\entry\\build-profile.json5":{"hashValue":"6b489b2cbaf389b6e0bcd82012f0990fe88754a63d71ed26d8ef906df8ec8617","name":"build-profile.json5","path":"D:\\code\\MoodDiary\\entry\\build-profile.json5","type":"file","isSymbolicLink":false,"fileMetaData":{"size":540,"lastModifiedTime":1766702740559}},"D:\\code\\MoodDiary\\entry\\src\\main\\resources\\base\\profile\\main_pages.json":{"hashValue":"fb5ba61087bca6914c06da0648db24274ee62494efc71be8ad6acf016419d10a","name":"main_pages.json","path":"D:\\code\\MoodDiary\\entry\\src\\main\\resources\\base\\profile\\main_pages.json","type":"file","isSymbolicLink":false,"fileMetaData":{"size":211,"lastModifiedTime":1766711251671}},"D:\\code\\MoodDiary\\hvigor\\hvigor-config.json5":{"hashValue":"e6ea3d49663541f9c24cccbb1ac6cdde2f43d4d8ef526e6e8c9083d5c2743d43","name":"hvigor-config.json5","path":"D:\\code\\MoodDiary\\hvigor\\hvigor-config.json5","type":"file","isSymbolicLink":false,"fileMetaData":{"size":1481,"lastModifiedTime":1766702735487}},"D:\\code\\MoodDiary\\entry\\src\\mock\\mock-config.json5":{"hashValue":"47cc50f3b6a4b04f092139e71a7090923da17c1aef8f937553fae46499cd29e0","name":"mock-config.json5","path":"D:\\code\\MoodDiary\\entry\\src\\mock\\mock-config.json5","type":"file","isSymbolicLink":false,"fileMetaData":{"size":3,"lastModifiedTime":1766702735894}},"D:\\code\\MoodDiary\\entry\\oh-package.json5":{"hashValue":"7a5555f5d18e23790f6e7152b66049059176036c8eb7a80d43be9954d34b3e18","name":"oh-package.json5","path":"D:\\code\\MoodDiary\\entry\\oh-package.json5","type":"file","isSymbolicLink":false,"fileMetaData":{"size":183,"lastModifiedTime":1766702735613}},"D:\\code\\MoodDiary\\oh-package.json5":{"hashValue":"78bb86a03c5345f986e39500c3f8a0cfe004041c70fa43632686c63e293eb9cd","name":"oh-package.json5","path":"D:\\code\\MoodDiary\\oh-package.json5","type":"file","isSymbolicLink":false,"fileMetaData":{"size":210,"lastModifiedTime":1766702740566}},"D:\\code\\MoodDiary\\entry\\.preview\\default\\intermediates\\merge_profile\\default\\module.json":{"hashValue":"49a852656995ca978852f5a1c6f354b7108e501e9706085cf9d0b6c2aba0c275","name":"module.json","path":"D:\\code\\MoodDiary\\entry\\.preview\\default\\intermediates\\merge_profile\\default\\module.json","type":"file","isSymbolicLink":false,"fileMetaData":{"size":1617,"lastModifiedTime":1766703255740}},"D:\\code\\MoodDiary\\entry\\.preview\\default\\generated\\profile\\default\\BuildProfile.ets":{"hashValue":"8d14928c07055c656f3a9b8ac9f37b80378e7db14fb8d9a6d471b236f69ce08e","name":"BuildProfile.ets","path":"D:\\code\\MoodDiary\\entry\\.preview\\default\\generated\\profile\\default\\BuildProfile.ets","type":"file","isSymbolicLink":false,"fileMetaData":{"size":864,"lastModifiedTime":1766703255746}},"D:\\code\\MoodDiary\\entry\\.preview\\default\\intermediates\\loader\\default\\pkgContextInfo.json":{"hashValue":"5256a82464e756a4a42f7e93aaf2245cab4526831dba32ef82781ad06d53bde2","name":"pkgContextInfo.json","path":"D:\\code\\MoodDiary\\entry\\.preview\\default\\intermediates\\loader\\default\\pkgContextInfo.json","type":"file","isSymbolicLink":false,"fileMetaData":{"size":444,"lastModifiedTime":1766703255765}},"D:\\code\\MoodDiary\\entry\\.preview\\default\\intermediates\\process_profile\\default\\module.json":{"hashValue":"6d1077624d2f127fed5475916ce899983c44ad01f108d86baa88bf2c11ae35c1","name":"module.json","path":"D:\\code\\MoodDiary\\entry\\.preview\\default\\intermediates\\process_profile\\default\\module.json","type":"file","isSymbolicLink":false,"fileMetaData":{"size":1703,"lastModifiedTime":1766703256173}},"D:\\code\\MoodDiary\\entry\\.preview\\default\\intermediates\\router_map\\default\\temp-router-map.json":{"hashValue":"03e5c5f31404bd6e9133cbda23707cd7de8e80ea813e8dca7348c816290b2018","name":"temp-router-map.json","path":"D:\\code\\MoodDiary\\entry\\.preview\\default\\intermediates\\router_map\\default\\temp-router-map.json","type":"file","isSymbolicLink":false,"fileMetaData":{"size":16,"lastModifiedTime":1766703256181}},"D:\\code\\MoodDiary\\entry\\.preview\\default\\intermediates\\router_map\\default\\loader-router-map.json":{"hashValue":"4ce188c932dd4ecd31c2ae212f9ba43699ce1d03e868e6eaded357e295655474","name":"loader-router-map.json","path":"D:\\code\\MoodDiary\\entry\\.preview\\default\\intermediates\\router_map\\default\\loader-router-map.json","type":"file","isSymbolicLink":false,"fileMetaData":{"size":16,"lastModifiedTime":1766703256183}},"D:\\code\\MoodDiary\\entry\\.preview\\default\\intermediates\\share_config\\default\\temp-share-config.json":{"hashValue":"c1328bc5019a9d319df81985f176b9fe701da3203e8f9e2ce39a2c3224e9118e","name":"temp-share-config.json","path":"D:\\code\\MoodDiary\\entry\\.preview\\default\\intermediates\\share_config\\default\\temp-share-config.json","type":"file","isSymbolicLink":false,"fileMetaData":{"size":27,"lastModifiedTime":1766703256190}},"D:\\code\\MoodDiary\\entry\\.preview\\default\\intermediates\\loader\\default\\loader.json":{"hashValue":"977b1ca17acb6da18643b0a3b1622919658bec50c50902d32d915094a83670bd","name":"loader.json","path":"D:\\code\\MoodDiary\\entry\\.preview\\default\\intermediates\\loader\\default\\loader.json","type":"file","isSymbolicLink":false,"fileMetaData":{"size":771,"lastModifiedTime":1766703256220}},"D:\\code\\MoodDiary\\entry\\src\\main\\resources":{"hashValue":"a34745ba348acf475dd83b3fad27ac15f17a8fd44c151d37dbc39c9448180667","name":"resources","path":"D:\\code\\MoodDiary\\entry\\src\\main\\resources","type":"directory","isSymbolicLink":false,"children":[{"hashValue":"a4533904a64277bbfefc1e7178403e0193b4f209df8d4d534f5c92964764033c","name":"base","path":"D:\\code\\MoodDiary\\entry\\src\\main\\resources\\base","type":"directory","isSymbolicLink":false,"children":[{"hashValue":"fc9938e9cc048af798435e942641c1a48240966c090dda1aa36631af77905a51","name":"element","path":"D:\\code\\MoodDiary\\entry\\src\\main\\resources\\base\\element","type":"directory","isSymbolicLink":false,"children":[{"hashValue":"0321e3733473846870a8fdcf0bb1c1fc8eeb6a653339645dcde09f37ac909e1f","name":"color.json","path":"D:\\code\\MoodDiary\\entry\\src\\main\\resources\\base\\element\\color.json","type":"file","isSymbolicLink":false,"fileMetaData":{"size":105,"lastModifiedTime":1766702735933}},{"hashValue":"e93b153ab0c6efc80f41221745e83474112acb4fdc8e64cbaba74190f20d0c84","name":"float.json","path":"D:\\code\\MoodDiary\\entry\\src\\main\\resources\\base\\element\\float.json","type":"file","isSymbolicLink":false,"fileMetaData":{"size":100,"lastModifiedTime":1766702735941}},{"hashValue":"7398adf62fcfe9d99c466954bda7d4964363a031f2f3bb1751ac1016726cbd15","name":"string.json","path":"D:\\code\\MoodDiary\\entry\\src\\main\\resources\\base\\element\\string.json","type":"file","isSymbolicLink":false,"fileMetaData":{"size":254,"lastModifiedTime":1766707721714}}]},{"hashValue":"a36d63d15047e044e5eabaf18adbd672520d2619f109f3edc93779b9870eb965","name":"media","path":"D:\\code\\MoodDiary\\entry\\src\\main\\resources\\base\\media","type":"directory","isSymbolicLink":false,"children":[{"hashValue":"40e38b66e6e184d6351bd6e490135f478f1c263fbf1d856ad5a75b7b5cccd4e6","name":"app_icon.png","path":"D:\\code\\MoodDiary\\entry\\src\\main\\resources\\base\\media\\app_icon.png","type":"file","isSymbolicLink":false,"fileMetaData":{"size":75524,"lastModifiedTime":1766708668823}},{"hashValue":"b47bd91ed3b67d8ee0bac62010df2db2d6fca3479fcb6cb2670b9e91a0bfcab1","name":"background.png","path":"D:\\code\\MoodDiary\\entry\\src\\main\\resources\\base\\media\\background.png","type":"file","isSymbolicLink":false,"fileMetaData":{"size":91942,"lastModifiedTime":1766702735952}},{"hashValue":"19a2141ef8566166cee313f81599c9f90a14574ec1de04d9dcbf28a16dc9e132","name":"foreground.png","path":"D:\\code\\MoodDiary\\entry\\src\\main\\resources\\base\\media\\foreground.png","type":"file","isSymbolicLink":false,"fileMetaData":{"size":8805,"lastModifiedTime":1766702735959}},{"hashValue":"6fa05914659ae2f6990b1826783b35ce32badab37411bd26944a014b2b8b6251","name":"layered_image.json","path":"D:\\code\\MoodDiary\\entry\\src\\main\\resources\\base\\media\\layered_image.json","type":"file","isSymbolicLink":false,"fileMetaData":{"size":109,"lastModifiedTime":1766702735965}},{"hashValue":"03d7f531d0f8861770d78e4afc56488a03ecf5ef48deb23ad30da8c2621e923b","name":"startIcon.png","path":"D:\\code\\MoodDiary\\entry\\src\\main\\resources\\base\\media\\startIcon.png","type":"file","isSymbolicLink":false,"fileMetaData":{"size":20093,"lastModifiedTime":1766702735976}}]},{"hashValue":"d9307a782b99e59826157313ebbb2858ac613c0ade4dbf4f8c0b9d423e0f197a","name":"profile","path":"D:\\code\\MoodDiary\\entry\\src\\main\\resources\\base\\profile","type":"directory","isSymbolicLink":false,"children":[{"hashValue":"a0f34b7b3ddee25c820c0fb0c0bf7dbf964af24165e087d38510ee81a4464be5","name":"backup_config.json","path":"D:\\code\\MoodDiary\\entry\\src\\main\\resources\\base\\profile\\backup_config.json","type":"file","isSymbolicLink":false,"fileMetaData":{"size":36,"lastModifiedTime":1766702736061}},{"hashValue":"fb5ba61087bca6914c06da0648db24274ee62494efc71be8ad6acf016419d10a","name":"main_pages.json","path":"D:\\code\\MoodDiary\\entry\\src\\main\\resources\\base\\profile\\main_pages.json","type":"file","isSymbolicLink":false,"fileMetaData":{"size":211,"lastModifiedTime":1766711251671}}]}]},{"hashValue":"30a9b2eb3b416f6c40c2edb8843c6968d57062502e0fb4916c5d60fa3e392358","name":"dark","path":"D:\\code\\MoodDiary\\entry\\src\\main\\resources\\dark","type":"directory","isSymbolicLink":false,"children":[{"hashValue":"794633ec8165ba5acdaf134b21d743a53295ff18a250a0bbd4086dfc1c1df7ac","name":"element","path":"D:\\code\\MoodDiary\\entry\\src\\main\\resources\\dark\\element","type":"directory","isSymbolicLink":false,"children":[{"hashValue":"7cae5d87348db56bc192b9d15a16ca2f6702d2fbb1ba59325cc645e6d215af6e","name":"color.json","path":"D:\\code\\MoodDiary\\entry\\src\\main\\resources\\dark\\element\\color.json","type":"file","isSymbolicLink":false,"fileMetaData":{"size":105,"lastModifiedTime":1766702736038}}]}]},{"hashValue":"","name":"rawfile","path":"D:\\code\\MoodDiary\\entry\\src\\main\\resources\\rawfile","type":"directory","isSymbolicLink":false,"children":[]}]},"D:\\code\\MoodDiary\\entry\\.preview\\default\\intermediates\\res\\default":{"hashValue":"25d3a3de8849481c66535358fbc65fd64aa127fd3f8d28716de7309b5bfd1599","name":"default","path":"D:\\code\\MoodDiary\\entry\\.preview\\default\\intermediates\\res\\default","type":"directory","isSymbolicLink":false,"children":[{"hashValue":"c30596806a7d8d50e6bc0cc6df066b2c258108bcbd0bf9c0cd0ea411af135aa3","name":"app_compiled","path":"D:\\code\\MoodDiary\\entry\\.preview\\default\\intermediates\\res\\default\\app_compiled","type":"directory","isSymbolicLink":false,"children":[{"hashValue":"5e8df1ee63d1475ffa9df09d11aaab059dbf599dcd06f124e5e0eaaf82c0a47a","name":"13224821252445247906","path":"D:\\code\\MoodDiary\\entry\\.preview\\default\\intermediates\\res\\default\\app_compiled\\13224821252445247906","type":"file","isSymbolicLink":false,"fileMetaData":{"size":106,"lastModifiedTime":1766704805538}},{"hashValue":"ccf3139a94b561876bd2e3aa06f64049b343bee0d790e8b8eb386f2d6373f0f3","name":"14204779802939261069","path":"D:\\code\\MoodDiary\\entry\\.preview\\default\\intermediates\\res\\default\\app_compiled\\14204779802939261069","type":"file","isSymbolicLink":false,"fileMetaData":{"size":178,"lastModifiedTime":1766704805540}},{"hashValue":"d3e1c3808e363e577d99d223af45ef7aec0fa06cc36356f6cbc4eec6052413c1","name":"3097431717316010042","path":"D:\\code\\MoodDiary\\entry\\.preview\\default\\intermediates\\res\\default\\app_compiled\\3097431717316010042","type":"file","isSymbolicLink":false,"fileMetaData":{"size":166,"lastModifiedTime":1766704805539}},{"hashValue":"8c2c0ecf694d481293525073a635cc6b3b578ec92a558c63eec75983a03ccdab","name":"643211752630898477","path":"D:\\code\\MoodDiary\\entry\\.preview\\default\\intermediates\\res\\default\\app_compiled\\643211752630898477","type":"file","isSymbolicLink":false,"fileMetaData":{"size":166,"lastModifiedTime":1766704805539}}]},{"hashValue":"f1dc6766b9ee8821bbb6871cd1ca10cd1f49b898bd24fbc0f8a319570df6fccc","name":"ids_map","path":"D:\\code\\MoodDiary\\entry\\.preview\\default\\intermediates\\res\\default\\ids_map","type":"directory","isSymbolicLink":false,"children":[{"hashValue":"6e3b6c0f16dfbd00dc390e0dd5648376e5bafaf0083e821031a69c285fc40d6c","name":"id_defined.json","path":"D:\\code\\MoodDiary\\entry\\.preview\\default\\intermediates\\res\\default\\ids_map\\id_defined.json","type":"file","isSymbolicLink":false,"fileMetaData":{"size":952,"lastModifiedTime":1766704805684}}]},{"hashValue":"b7256b7b77816344abeaa7aa99e37d1fabf4b401cd545de87bb3ccb80bcbb1e2","name":"mock-config.json","path":"D:\\code\\MoodDiary\\entry\\.preview\\default\\intermediates\\res\\default\\mock-config.json","type":"file","isSymbolicLink":false,"fileMetaData":{"size":2,"lastModifiedTime":1766703282048}},{"hashValue":"0230adb6c6803408de42d716e7df1ef1b3500dd8fdc48bc8be7e690166a0ab9a","name":"module_compiled","path":"D:\\code\\MoodDiary\\entry\\.preview\\default\\intermediates\\res\\default\\module_compiled","type":"directory","isSymbolicLink":false,"children":[{"hashValue":"edf0dfc012b3cbc0bc9109770f156a8c7d76ca66238cd4527fc110a3af129b12","name":"10029677172397437271","path":"D:\\code\\MoodDiary\\entry\\.preview\\default\\intermediates\\res\\default\\module_compiled\\10029677172397437271","type":"file","isSymbolicLink":false,"fileMetaData":{"size":124,"lastModifiedTime":1766704805578}},{"hashValue":"05dce3da37bb12372fdd3901b492d71bb625d4183238a332e50f33757f521345","name":"14082420333935743626","path":"D:\\code\\MoodDiary\\entry\\.preview\\default\\intermediates\\res\\default\\module_compiled\\14082420333935743626","type":"file","isSymbolicLink":false,"fileMetaData":{"size":178,"lastModifiedTime":1766704805580}},{"hashValue":"f1b4dd8034f58f24a01938e6933bf66033e800ae144e5fdae47c8260771be123","name":"14283965348094658798","path":"D:\\code\\MoodDiary\\entry\\.preview\\default\\intermediates\\res\\default\\module_compiled\\14283965348094658798","type":"file","isSymbolicLink":false,"fileMetaData":{"size":190,"lastModifiedTime":1766704805580}},{"hashValue":"4ab684aab17d4eda3c9aec0dcc21e2e8baa986da550587bd7016cc96017496d5","name":"17705842118487211599","path":"D:\\code\\MoodDiary\\entry\\.preview\\default\\intermediates\\res\\default\\module_compiled\\17705842118487211599","type":"file","isSymbolicLink":false,"fileMetaData":{"size":178,"lastModifiedTime":1766704805580}},{"hashValue":"731a9968f3b1b12cc5fa9689a73eeb664f56e560ccdd21e30aab558df53fc621","name":"2725661789826580119","path":"D:\\code\\MoodDiary\\entry\\.preview\\default\\intermediates\\res\\default\\module_compiled\\2725661789826580119","type":"file","isSymbolicLink":false,"fileMetaData":{"size":117,"lastModifiedTime":1766704805579}},{"hashValue":"3f71ca6fa94cddc1d3cefcd49c2968407dadf67528affb237c2922a90da4b892","name":"3021996833205429923","path":"D:\\code\\MoodDiary\\entry\\.preview\\default\\intermediates\\res\\default\\module_compiled\\3021996833205429923","type":"file","isSymbolicLink":false,"fileMetaData":{"size":132,"lastModifiedTime":1766704805582}},{"hashValue":"e9c28536ae5a2ff9b58907381f4ff96f121bb2ef0acbeb780f25595ff6d99d7d","name":"3992773738463780724","path":"D:\\code\\MoodDiary\\entry\\.preview\\default\\intermediates\\res\\default\\module_compiled\\3992773738463780724","type":"file","isSymbolicLink":false,"fileMetaData":{"size":194,"lastModifiedTime":1766704805581}},{"hashValue":"be9836057dd8d3ae7c1e4b9df0e80ba80d0b7682f1b7b738f7abd7d0de4b722d","name":"5585097244754352520","path":"D:\\code\\MoodDiary\\entry\\.preview\\default\\intermediates\\res\\default\\module_compiled\\5585097244754352520","type":"file","isSymbolicLink":false,"fileMetaData":{"size":365,"lastModifiedTime":1766704805579}},{"hashValue":"78e1452cb438a2b7109df5aeae764608fb32ade2ee44afc03c7b9fbea7d12888","name":"6410014236760288531","path":"D:\\code\\MoodDiary\\entry\\.preview\\default\\intermediates\\res\\default\\module_compiled\\6410014236760288531","type":"file","isSymbolicLink":false,"fileMetaData":{"size":185,"lastModifiedTime":1766704805581}},{"hashValue":"a322a14b4cf7f67017cd7b9fd730fa4d67e6eaf1dd1cb9debbb994543baa05b7","name":"8729178102091901723","path":"D:\\code\\MoodDiary\\entry\\.preview\\default\\intermediates\\res\\default\\module_compiled\\8729178102091901723","type":"file","isSymbolicLink":false,"fileMetaData":{"size":175,"lastModifiedTime":1766704805580}}]},{"hashValue":"0f7e9c803c10ebdf3b879ef17bd84ab81362407dcf316db4f21fcbe6a2face40","name":"module.json","path":"D:\\code\\MoodDiary\\entry\\.preview\\default\\intermediates\\res\\default\\module.json","type":"file","isSymbolicLink":false,"fileMetaData":{"size":1726,"lastModifiedTime":1766704805730}},{"hashValue":"b6a53ea4d5e187e718425eb7b72fa11b24349cba87d752f860748bb088965afd","name":"resources","path":"D:\\code\\MoodDiary\\entry\\.preview\\default\\intermediates\\res\\default\\resources","type":"directory","isSymbolicLink":false,"children":[{"hashValue":"7ae577ae5c1bc2dbab374632f97848184681ae96d404bc4b69486b5795ebe80e","name":"base","path":"D:\\code\\MoodDiary\\entry\\.preview\\default\\intermediates\\res\\default\\resources\\base","type":"directory","isSymbolicLink":false,"children":[{"hashValue":"a66bfae27c37440f6a8d0f4ad358dd14627b19fbd8536335863ca96968f59f01","name":"media","path":"D:\\code\\MoodDiary\\entry\\.preview\\default\\intermediates\\res\\default\\resources\\base\\media","type":"directory","isSymbolicLink":false,"children":[{"hashValue":"dad12f3195147127962dee6d13242fd19d46e3c6c1562517e78f1157699f5c0c","name":"layered_image.json","path":"D:\\code\\MoodDiary\\entry\\.preview\\default\\intermediates\\res\\default\\resources\\base\\media\\layered_image.json","type":"file","isSymbolicLink":false,"fileMetaData":{"size":95,"lastModifiedTime":1766704805683}}]},{"hashValue":"b2e072fcc5885f69325951dffc837fd98330e53d854fc79a92e3240310d0828b","name":"profile","path":"D:\\code\\MoodDiary\\entry\\.preview\\default\\intermediates\\res\\default\\resources\\base\\profile","type":"directory","isSymbolicLink":false,"children":[{"hashValue":"a0f34b7b3ddee25c820c0fb0c0bf7dbf964af24165e087d38510ee81a4464be5","name":"backup_config.json","path":"D:\\code\\MoodDiary\\entry\\.preview\\default\\intermediates\\res\\default\\resources\\base\\profile\\backup_config.json","type":"file","isSymbolicLink":false,"fileMetaData":{"size":36,"lastModifiedTime":1766702736061}},{"hashValue":"2ef2e7f272d1319c116f2d149d8cf05a0ced770b28f5c2ba0c1550c56346adbf","name":"main_pages.json","path":"D:\\code\\MoodDiary\\entry\\.preview\\default\\intermediates\\res\\default\\resources\\base\\profile\\main_pages.json","type":"file","isSymbolicLink":false,"fileMetaData":{"size":44,"lastModifiedTime":1766704805711}}]}]}]},{"hashValue":"4c96503c23a032a4b66f69abdbf6f76d59c4759ef411846461e3addd367baa43","name":"resources.index","path":"D:\\code\\MoodDiary\\entry\\.preview\\default\\intermediates\\res\\default\\resources.index","type":"file","isSymbolicLink":false,"fileMetaData":{"size":1209,"lastModifiedTime":1766704805684}},{"hashValue":"261b725ff6ddcd36a16988713330a9e79a2047a736665e2aec833948996a9813","name":"ResourceTable.txt","path":"D:\\code\\MoodDiary\\entry\\.preview\\default\\intermediates\\res\\default\\ResourceTable.txt","type":"file","isSymbolicLink":false,"fileMetaData":{"size":384,"lastModifiedTime":1766704805685}}]},"D:\\code\\MoodDiary\\entry\\.preview\\default\\generated\\r\\default":{"hashValue":"0d1f3fd0bac4a48f1cca92e41965f6cece9e538e829054b77ee1055b5594ef3f","name":"default","path":"D:\\code\\MoodDiary\\entry\\.preview\\default\\generated\\r\\default","type":"directory","isSymbolicLink":false,"children":[{"hashValue":"4b16269b96b1d76386674fd316b4bfd868edb91c7d045b8166654fec77a805ce","name":"ResourceTable.h","path":"D:\\code\\MoodDiary\\entry\\.preview\\default\\generated\\r\\default\\ResourceTable.h","type":"file","isSymbolicLink":false,"fileMetaData":{"size":1294,"lastModifiedTime":1766704805685}}]},"D:\\code\\MoodDiary\\entry\\src\\main\\resources\\base\\profile":{"hashValue":"44bd79af2d61fa7ccd38af1059943b8e04a9ea09c97bcf4d929b0d12a3d9025d","name":"profile","path":"D:\\code\\MoodDiary\\entry\\src\\main\\resources\\base\\profile","type":"directory","isSymbolicLink":false,"children":[{"hashValue":"a0f34b7b3ddee25c820c0fb0c0bf7dbf964af24165e087d38510ee81a4464be5","name":"backup_config.json","path":"D:\\code\\MoodDiary\\entry\\src\\main\\resources\\base\\profile\\backup_config.json","type":"file","isSymbolicLink":false,"fileMetaData":{"size":36,"lastModifiedTime":1766702736061}},{"hashValue":"6d341ed058a94080cbd1c29fc17c25f63f52b62e36dad4e43980dbc1947cc5f7","name":"main_pages.json","path":"D:\\code\\MoodDiary\\entry\\src\\main\\resources\\base\\profile\\main_pages.json","type":"file","isSymbolicLink":false,"fileMetaData":{"size":61,"lastModifiedTime":1766704191424}}]},"D:\\code\\MoodDiary\\entry\\.preview\\default\\intermediates\\res\\default\\resources\\base\\profile":{"hashValue":"b2e072fcc5885f69325951dffc837fd98330e53d854fc79a92e3240310d0828b","name":"profile","path":"D:\\code\\MoodDiary\\entry\\.preview\\default\\intermediates\\res\\default\\resources\\base\\profile","type":"directory","isSymbolicLink":false,"children":[{"hashValue":"a0f34b7b3ddee25c820c0fb0c0bf7dbf964af24165e087d38510ee81a4464be5","name":"backup_config.json","path":"D:\\code\\MoodDiary\\entry\\.preview\\default\\intermediates\\res\\default\\resources\\base\\profile\\backup_config.json","type":"file","isSymbolicLink":false,"fileMetaData":{"size":36,"lastModifiedTime":1766702736061}},{"hashValue":"2ef2e7f272d1319c116f2d149d8cf05a0ced770b28f5c2ba0c1550c56346adbf","name":"main_pages.json","path":"D:\\code\\MoodDiary\\entry\\.preview\\default\\intermediates\\res\\default\\resources\\base\\profile\\main_pages.json","type":"file","isSymbolicLink":false,"fileMetaData":{"size":44,"lastModifiedTime":1766704805711}}]},"D:\\code\\MoodDiary\\entry\\.preview\\default\\intermediates\\res\\default\\module.json":{"hashValue":"0f7e9c803c10ebdf3b879ef17bd84ab81362407dcf316db4f21fcbe6a2face40","name":"module.json","path":"D:\\code\\MoodDiary\\entry\\.preview\\default\\intermediates\\res\\default\\module.json","type":"file","isSymbolicLink":false,"fileMetaData":{"size":1726,"lastModifiedTime":1766704805730}},"D:\\code\\MoodDiary\\entry\\.preview\\default\\intermediates\\res\\default\\resources\\base\\profile\\main_pages.json":{"hashValue":"2ef2e7f272d1319c116f2d149d8cf05a0ced770b28f5c2ba0c1550c56346adbf","name":"main_pages.json","path":"D:\\code\\MoodDiary\\entry\\.preview\\default\\intermediates\\res\\default\\resources\\base\\profile\\main_pages.json","type":"file","isSymbolicLink":false,"fileMetaData":{"size":44,"lastModifiedTime":1766704805711}},"D:\\code\\MoodDiary\\entry\\.preview\\default\\intermediates\\loader\\default":{"hashValue":"c9ce9a94b63164910d03f8ced16e833d2163450f6f141a68817b230c5a983d60","name":"default","path":"D:\\code\\MoodDiary\\entry\\.preview\\default\\intermediates\\loader\\default","type":"directory","isSymbolicLink":false,"children":[{"hashValue":"977b1ca17acb6da18643b0a3b1622919658bec50c50902d32d915094a83670bd","name":"loader.json","path":"D:\\code\\MoodDiary\\entry\\.preview\\default\\intermediates\\loader\\default\\loader.json","type":"file","isSymbolicLink":false,"fileMetaData":{"size":771,"lastModifiedTime":1766703256220}},{"hashValue":"5256a82464e756a4a42f7e93aaf2245cab4526831dba32ef82781ad06d53bde2","name":"pkgContextInfo.json","path":"D:\\code\\MoodDiary\\entry\\.preview\\default\\intermediates\\loader\\default\\pkgContextInfo.json","type":"file","isSymbolicLink":false,"fileMetaData":{"size":444,"lastModifiedTime":1766703255765}}]},"D:\\code\\MoodDiary\\entry\\.preview\\default\\intermediates\\res\\default\\ResourceTable.txt":{"hashValue":"261b725ff6ddcd36a16988713330a9e79a2047a736665e2aec833948996a9813","name":"ResourceTable.txt","path":"D:\\code\\MoodDiary\\entry\\.preview\\default\\intermediates\\res\\default\\ResourceTable.txt","type":"file","isSymbolicLink":false,"fileMetaData":{"size":384,"lastModifiedTime":1766704805685}},"D:\\code\\MoodDiary\\entry\\src\\main\\ets":{"hashValue":"77c684f0644b1ec7860e0910be01bf1b758877a1c584ddbe92afbc864f920d7d","name":"ets","path":"D:\\code\\MoodDiary\\entry\\src\\main\\ets","type":"directory","isSymbolicLink":false,"children":[{"hashValue":"72847611fd2009cdffd63b75223c1ef21c48fc7f510588f54dcd049fc6e7acf8","name":"entryability","path":"D:\\code\\MoodDiary\\entry\\src\\main\\ets\\entryability","type":"directory","isSymbolicLink":false,"children":[{"hashValue":"7486b5b1cf8c459fab7ef7e8d56394ab53c838090a9df88f2b5822887d6789ad","name":"EntryAbility.ets","path":"D:\\code\\MoodDiary\\entry\\src\\main\\ets\\entryability\\EntryAbility.ets","type":"file","isSymbolicLink":false,"fileMetaData":{"size":978,"lastModifiedTime":1766709315240}}]},{"hashValue":"ab9bde00275be5b8cca4f8d5a309f94d810d4cda7f2af58b9c0c2ce490172492","name":"entrybackupability","path":"D:\\code\\MoodDiary\\entry\\src\\main\\ets\\entrybackupability","type":"directory","isSymbolicLink":false,"children":[{"hashValue":"4acac481da5aa949305916d1cf9c1c7a99e38e8eef4bea56dcebbae49eee1378","name":"EntryBackupAbility.ets","path":"D:\\code\\MoodDiary\\entry\\src\\main\\ets\\entrybackupability\\EntryBackupAbility.ets","type":"file","isSymbolicLink":false,"fileMetaData":{"size":522,"lastModifiedTime":1766702740541}}]},{"hashValue":"9cee4258224dda4831a64196f66caa1e032f8398b0a8910ed43ea315589fde07","name":"model","path":"D:\\code\\MoodDiary\\entry\\src\\main\\ets\\model","type":"directory","isSymbolicLink":false,"children":[{"hashValue":"6ddc510a6267700a41a039cc15c4fd473bb0250822855565752f45fd5497e65c","name":"MoodData.ets","path":"D:\\code\\MoodDiary\\entry\\src\\main\\ets\\model\\MoodData.ets","type":"file","isSymbolicLink":false,"fileMetaData":{"size":897,"lastModifiedTime":1766709998376}}]},{"hashValue":"c732e29bc0012857a3b5229cfdcad3dff966f4660e049c4d3f504e5a90902661","name":"pages","path":"D:\\code\\MoodDiary\\entry\\src\\main\\ets\\pages","type":"directory","isSymbolicLink":false,"children":[{"hashValue":"ff27c7994b5c094ccd7a466bb11120681a10ebd1a26a0844af6819983ebfbd1e","name":"DiaryEdit.ets","path":"D:\\code\\MoodDiary\\entry\\src\\main\\ets\\pages\\DiaryEdit.ets","type":"file","isSymbolicLink":false,"fileMetaData":{"size":5207,"lastModifiedTime":1766726072031}},{"hashValue":"35f97e79bcb18ed83354cc6c100fe2ea194861b5ea70bd5260c4f3c704d41a88","name":"Index.ets","path":"D:\\code\\MoodDiary\\entry\\src\\main\\ets\\pages\\Index.ets","type":"file","isSymbolicLink":false,"fileMetaData":{"size":12023,"lastModifiedTime":1766712084589}},{"hashValue":"001a1d39e0bf1652ce29cd312bb8b1567a4306047466985b4bb10a594bced652","name":"LoginPage.ets","path":"D:\\code\\MoodDiary\\entry\\src\\main\\ets\\pages\\LoginPage.ets","type":"file","isSymbolicLink":false,"fileMetaData":{"size":2677,"lastModifiedTime":1766709216383}},{"hashValue":"0fa012670e23868d1a1091332cb798f310667a85bd2f671f9c3035ba0231cbc4","name":"MoodDetail.ets","path":"D:\\code\\MoodDiary\\entry\\src\\main\\ets\\pages\\MoodDetail.ets","type":"file","isSymbolicLink":false,"fileMetaData":{"size":5894,"lastModifiedTime":1766710609294}},{"hashValue":"abf1b08b18b81180524c15e6c1e0b812bd566cd878005fb7efc90b821f547794","name":"MoodHistory.ets","path":"D:\\code\\MoodDiary\\entry\\src\\main\\ets\\pages\\MoodHistory.ets","type":"file","isSymbolicLink":false,"fileMetaData":{"size":5924,"lastModifiedTime":1766712884997}},{"hashValue":"fbbaf6e6a320271b7718fc04c55224cba3aaa57d242601abe11b42250ddb8aea","name":"MoodStatistics.ets","path":"D:\\code\\MoodDiary\\entry\\src\\main\\ets\\pages\\MoodStatistics.ets","type":"file","isSymbolicLink":false,"fileMetaData":{"size":10596,"lastModifiedTime":1766712630071}},{"hashValue":"773270b88321a9c780fe21407ff982468e862f58f7687d8ac19f4ab27eaadf50","name":"RegisterPage.ets","path":"D:\\code\\MoodDiary\\entry\\src\\main\\ets\\pages\\RegisterPage.ets","type":"file","isSymbolicLink":false,"fileMetaData":{"size":2595,"lastModifiedTime":1766709195068}},{"hashValue":"8f5740a12658cd4f1d166bcb4d9309747f0f4b3af06a0f3b2ce36115e4abd23e","name":"SettingsPage.ets","path":"D:\\code\\MoodDiary\\entry\\src\\main\\ets\\pages\\SettingsPage.ets","type":"file","isSymbolicLink":false,"fileMetaData":{"size":4077,"lastModifiedTime":1766711168454}}]},{"hashValue":"05d639eb6030590f39496c6f3f266326fcd40da0acc419fbf592687f124df629","name":"utils","path":"D:\\code\\MoodDiary\\entry\\src\\main\\ets\\utils","type":"directory","isSymbolicLink":false,"children":[{"hashValue":"afca98961ba10be50536db3e65dfe8e433413e21bda37dd9448ffe547bb79c3e","name":"MoodDB.ets","path":"D:\\code\\MoodDiary\\entry\\src\\main\\ets\\utils\\MoodDB.ets","type":"file","isSymbolicLink":false,"fileMetaData":{"size":7889,"lastModifiedTime":1766725716830}}]}]},"D:\\code\\MoodDiary\\entry\\build\\default\\intermediates\\hap_metadata\\default\\output_metadata.json":{"hashValue":"bf97d6ede9166afdd91c77a12308e189a3eed0aafe308ec054da33a00da533e1","name":"output_metadata.json","path":"D:\\code\\MoodDiary\\entry\\build\\default\\intermediates\\hap_metadata\\default\\output_metadata.json","type":"file","isSymbolicLink":false,"fileMetaData":{"size":84,"lastModifiedTime":1766708378010}},"D:\\code\\MoodDiary\\entry\\build\\default\\intermediates\\merge_profile\\default\\module.json":{"hashValue":"d0345f49510d6be0e9c24149924dab60b77b921be2a384180d50c064dda8b8c1","name":"module.json","path":"D:\\code\\MoodDiary\\entry\\build\\default\\intermediates\\merge_profile\\default\\module.json","type":"file","isSymbolicLink":false,"fileMetaData":{"size":1607,"lastModifiedTime":1766708378021}},"D:\\code\\MoodDiary\\entry\\build\\default\\generated\\profile\\default\\BuildProfile.ets":{"hashValue":"574f11e19a9594090ba76e0e72529de5fa122e7be1a8bd6674e3fda5e138fc4f","name":"BuildProfile.ets","path":"D:\\code\\MoodDiary\\entry\\build\\default\\generated\\profile\\default\\BuildProfile.ets","type":"file","isSymbolicLink":false,"fileMetaData":{"size":864,"lastModifiedTime":1766708378027}},"D:\\code\\MoodDiary\\entry\\build\\default\\intermediates\\loader\\default\\pkgContextInfo.json":{"hashValue":"9137598b570a35782e84dee20fc7ecdaa9ab043357512e90aa031d915d056b7d","name":"pkgContextInfo.json","path":"D:\\code\\MoodDiary\\entry\\build\\default\\intermediates\\loader\\default\\pkgContextInfo.json","type":"file","isSymbolicLink":false,"fileMetaData":{"size":444,"lastModifiedTime":1766704833726}},"D:\\code\\MoodDiary\\entry\\src\\main\\resources\\base\\profile\\backup_config.json":{"hashValue":"a0f34b7b3ddee25c820c0fb0c0bf7dbf964af24165e087d38510ee81a4464be5","name":"backup_config.json","path":"D:\\code\\MoodDiary\\entry\\src\\main\\resources\\base\\profile\\backup_config.json","type":"file","isSymbolicLink":false,"fileMetaData":{"size":36,"lastModifiedTime":1766702736061}},"D:\\code\\MoodDiary\\entry\\build\\default\\outputs\\default\\pack.info":{"hashValue":"b16b4dd409fde251dc16feb55332b9b9b5451446b0a0b3907c0e8ce9243023a0","name":"pack.info","path":"D:\\code\\MoodDiary\\entry\\build\\default\\outputs\\default\\pack.info","type":"file","isSymbolicLink":false,"fileMetaData":{"size":606,"lastModifiedTime":1766708378074}},"D:\\software\\DevEco Studio\\sdk\\default\\openharmony\\toolchains\\syscap_tool.exe":{"hashValue":"b95d766cad5c9221c71d16029441d991e07310b0f9a76bcc1263ab852374e57f","name":"syscap_tool.exe","path":"D:\\software\\DevEco Studio\\sdk\\default\\openharmony\\toolchains\\syscap_tool.exe","type":"file","isSymbolicLink":false,"fileMetaData":{"size":377288,"lastModifiedTime":1765791580000}},"D:\\software\\DevEco Studio\\sdk\\default\\openharmony\\ets\\api\\device-define":{"hashValue":"35d3a948a8afc53d8cbdb3f6e8c7827f4983c2d5bbc9ff3667bca9770932bf8a","name":"device-define","path":"D:\\software\\DevEco Studio\\sdk\\default\\openharmony\\ets\\api\\device-define","type":"directory","isSymbolicLink":false,"children":[{"hashValue":"68d6cd211071daecb20a27f46122216d2c919141754a6349492d480089570531","name":"2in1.json","path":"D:\\software\\DevEco Studio\\sdk\\default\\openharmony\\ets\\api\\device-define\\2in1.json","type":"file","isSymbolicLink":false,"fileMetaData":{"size":12033,"lastModifiedTime":1765791580000}},{"hashValue":"9acc95fe3dabd224cbdfc7814a27cd746d3d4b7dc392a0de926783d88567c950","name":"default.json","path":"D:\\software\\DevEco Studio\\sdk\\default\\openharmony\\ets\\api\\device-define\\default.json","type":"file","isSymbolicLink":false,"fileMetaData":{"size":12495,"lastModifiedTime":1765791580000}},{"hashValue":"bdee5d31b032fc82cb23a02652ea469e57007bcb365e4fb93e2957a7ce09e574","name":"liteWearable.json","path":"D:\\software\\DevEco Studio\\sdk\\default\\openharmony\\ets\\api\\device-define\\liteWearable.json","type":"file","isSymbolicLink":false,"fileMetaData":{"size":882,"lastModifiedTime":1765791580000}},{"hashValue":"3c713fb7b8e43124facef562ad0e31b991140b68cd185d88f89c8f93d8d383ec","name":"tablet.json","path":"D:\\software\\DevEco Studio\\sdk\\default\\openharmony\\ets\\api\\device-define\\tablet.json","type":"file","isSymbolicLink":false,"fileMetaData":{"size":12122,"lastModifiedTime":1765791580000}},{"hashValue":"38d1a2e069884913b145c450391a6e16d0d51d10ed7bbeb2984d2fc50c42bbb2","name":"tv.json","path":"D:\\software\\DevEco Studio\\sdk\\default\\openharmony\\ets\\api\\device-define\\tv.json","type":"file","isSymbolicLink":false,"fileMetaData":{"size":9819,"lastModifiedTime":1765791580000}},{"hashValue":"f4e8c871141ba8710813325a619e6f7b40bf1af743c40d4f8f4600594fb7520e","name":"wearable.json","path":"D:\\software\\DevEco Studio\\sdk\\default\\openharmony\\ets\\api\\device-define\\wearable.json","type":"file","isSymbolicLink":false,"fileMetaData":{"size":10521,"lastModifiedTime":1765791580000}}]},"D:\\code\\MoodDiary\\entry\\build\\default\\intermediates\\process_profile\\default\\module.json":{"hashValue":"fe03052cf032096755541a1a26f38dbac3879baa826d1b4ab3ddff814d7c7a67","name":"module.json","path":"D:\\code\\MoodDiary\\entry\\build\\default\\intermediates\\process_profile\\default\\module.json","type":"file","isSymbolicLink":false,"fileMetaData":{"size":1693,"lastModifiedTime":1766708378272}},"D:\\code\\MoodDiary\\entry\\build\\default\\intermediates\\router_map\\default\\temp-router-map.json":{"hashValue":"9d3c3ff8bd9dfefa3deefe2f9dc6b20a5635ee1a9226962f293ee634281b49ce","name":"temp-router-map.json","path":"D:\\code\\MoodDiary\\entry\\build\\default\\intermediates\\router_map\\default\\temp-router-map.json","type":"file","isSymbolicLink":false,"fileMetaData":{"size":16,"lastModifiedTime":1766708378279}},"D:\\code\\MoodDiary\\entry\\build\\default\\intermediates\\router_map\\default\\loader-router-map.json":{"hashValue":"bf57294db59dae0f110c88a7fe3710dc88be3ed629b7412683d428bcd983f9f1","name":"loader-router-map.json","path":"D:\\code\\MoodDiary\\entry\\build\\default\\intermediates\\router_map\\default\\loader-router-map.json","type":"file","isSymbolicLink":false,"fileMetaData":{"size":16,"lastModifiedTime":1766708378281}},"D:\\code\\MoodDiary\\entry\\build\\default\\intermediates\\share_config\\default\\temp-share-config.json":{"hashValue":"7d4cb51655fe56a8b79e38c32157da2dfc1c5c0e4fef8947be3111839d756557","name":"temp-share-config.json","path":"D:\\code\\MoodDiary\\entry\\build\\default\\intermediates\\share_config\\default\\temp-share-config.json","type":"file","isSymbolicLink":false,"fileMetaData":{"size":27,"lastModifiedTime":1766708378290}},"D:\\code\\MoodDiary\\entry\\build\\default\\intermediates\\res\\default\\resConfig.json":{"hashValue":"2526729f3dfd90c53550b8d6bbac440771af49a6a0ef633636c1e123bc7f8892","name":"resConfig.json","path":"D:\\code\\MoodDiary\\entry\\build\\default\\intermediates\\res\\default\\resConfig.json","type":"file","isSymbolicLink":false,"fileMetaData":{"size":937,"lastModifiedTime":1766704833859}},"D:\\code\\MoodDiary\\entry\\build\\default\\intermediates\\res\\default\\opt-compression.json":{"hashValue":"6f54632aafdce299ea0455e0de400df91b35b48a64cdc58bc601552878038b75","name":"opt-compression.json","path":"D:\\code\\MoodDiary\\entry\\build\\default\\intermediates\\res\\default\\opt-compression.json","type":"file","isSymbolicLink":false,"fileMetaData":{"size":182,"lastModifiedTime":1766704833858}},"D:\\code\\MoodDiary\\entry\\build\\default\\intermediates\\loader\\default\\loader.json":{"hashValue":"173cd2b713b48363e8039f4af3755875ebe76d9f0e72f5f93143a14fc05f6f1e","name":"loader.json","path":"D:\\code\\MoodDiary\\entry\\build\\default\\intermediates\\loader\\default\\loader.json","type":"file","isSymbolicLink":false,"fileMetaData":{"size":851,"lastModifiedTime":1766708378335}},"D:\\code\\MoodDiary\\entry\\build\\default\\intermediates\\libs\\default":{"hashValue":"","name":"default","path":"D:\\code\\MoodDiary\\entry\\build\\default\\intermediates\\libs\\default","type":"directory","isSymbolicLink":false,"children":[]},"D:\\code\\MoodDiary\\AppScope\\resources":{"hashValue":"84ac7baaa4b5310e2b4e40660d6504691677e22d358607eba40108511b872e81","name":"resources","path":"D:\\code\\MoodDiary\\AppScope\\resources","type":"directory","isSymbolicLink":false,"children":[{"hashValue":"8d6d86c2ccbf42179e14e615651e3c621de609f3c2e1cfeea33813bbc1812894","name":"base","path":"D:\\code\\MoodDiary\\AppScope\\resources\\base","type":"directory","isSymbolicLink":false,"children":[{"hashValue":"ef49283ce6942fa2907ab5a5eed760f008fed42ffa5628887db8a2fb9b3e6a24","name":"element","path":"D:\\code\\MoodDiary\\AppScope\\resources\\base\\element","type":"directory","isSymbolicLink":false,"children":[{"hashValue":"8803f72a9d78604f7f903493a013b612468e6f2849183652da7e1b15460e2f33","name":"string.json","path":"D:\\code\\MoodDiary\\AppScope\\resources\\base\\element\\string.json","type":"file","isSymbolicLink":false,"fileMetaData":{"size":96,"lastModifiedTime":1766708297291}}]},{"hashValue":"97f1f26e808843c4a2a653b1679748c1444bf85ec523ffcf5a7f22d15bd23d98","name":"media","path":"D:\\code\\MoodDiary\\AppScope\\resources\\base\\media","type":"directory","isSymbolicLink":false,"children":[{"hashValue":"40e38b66e6e184d6351bd6e490135f478f1c263fbf1d856ad5a75b7b5cccd4e6","name":"app_icon.png","path":"D:\\code\\MoodDiary\\AppScope\\resources\\base\\media\\app_icon.png","type":"file","isSymbolicLink":false,"fileMetaData":{"size":75524,"lastModifiedTime":1766708668823}},{"hashValue":"2675ac75e1e42636036ab69561cc078d5ddf6e3c3190add3eedf862353b00136","name":"background.png","path":"D:\\code\\MoodDiary\\AppScope\\resources\\base\\media\\background.png","type":"file","isSymbolicLink":false,"fileMetaData":{"size":91942,"lastModifiedTime":1766702735530}},{"hashValue":"86f96f598dc29fede70674f1b0495adeaa2689912a4103f679965b9c1b68d009","name":"foreground.png","path":"D:\\code\\MoodDiary\\AppScope\\resources\\base\\media\\foreground.png","type":"file","isSymbolicLink":false,"fileMetaData":{"size":15325,"lastModifiedTime":1766702735549}},{"hashValue":"462029ee33ee53a0a08a26fe4f54bd716648f31465c011c8b5c5a0dbc7031b29","name":"layered_image.json","path":"D:\\code\\MoodDiary\\AppScope\\resources\\base\\media\\layered_image.json","type":"file","isSymbolicLink":false,"fileMetaData":{"size":109,"lastModifiedTime":1766702735557}}]}]}]},"D:\\code\\MoodDiary\\entry\\build\\default\\intermediates\\res\\default":{"hashValue":"29ca6790b851ffaceb313c87540b20ad0528b5147a45ea4b5d5d49aa9408e603","name":"default","path":"D:\\code\\MoodDiary\\entry\\build\\default\\intermediates\\res\\default","type":"directory","isSymbolicLink":false,"children":[{"hashValue":"6090dc8084dabc1cf6ebd425bb52dc751d74065b34baa3b720d0225b2cde8943","name":".caches","path":"D:\\code\\MoodDiary\\entry\\build\\default\\intermediates\\res\\default\\.caches","type":"directory","isSymbolicLink":false,"children":[{"hashValue":"876594e809c4c7ed41d0209435419a8bdc15385db94a61ac615369a610b95b4a","name":"base","path":"D:\\code\\MoodDiary\\entry\\build\\default\\intermediates\\res\\default\\.caches\\base","type":"directory","isSymbolicLink":false,"children":[{"hashValue":"bfd41302e712151bd191db371188eca9535845f9a8d27907c58be430fe4d08c9","name":"media","path":"D:\\code\\MoodDiary\\entry\\build\\default\\intermediates\\res\\default\\.caches\\base\\media","type":"directory","isSymbolicLink":false,"children":[{"hashValue":"e944c5ea4c59934df40c51ceb2a3d559a54470da525b627531328fdfbe85c74b","name":"app_icon.png","path":"D:\\code\\MoodDiary\\entry\\build\\default\\intermediates\\res\\default\\.caches\\base\\media\\app_icon.png","type":"file","isSymbolicLink":false,"fileMetaData":{"size":100381,"lastModifiedTime":1766711401242}},{"hashValue":"6fb2d212085c84613227f2951c1991c4d25c6660384df7990b41e20717e4b872","name":"background.png","path":"D:\\code\\MoodDiary\\entry\\build\\default\\intermediates\\res\\default\\.caches\\base\\media\\background.png","type":"file","isSymbolicLink":false,"fileMetaData":{"size":70283,"lastModifiedTime":1766705749347}},{"hashValue":"b2f130a36ef80f4406dc7ebd6f2ddd4a39574084fb9a13abe5cf3506e4f883c0","name":"foreground.png","path":"D:\\code\\MoodDiary\\entry\\build\\default\\intermediates\\res\\default\\.caches\\base\\media\\foreground.png","type":"file","isSymbolicLink":false,"fileMetaData":{"size":13086,"lastModifiedTime":1766705749384}}]}]}]},{"hashValue":"b53dd2653acf5195a0d7204f962ebff98ffdbac854ae28ee06b054382e73e0e5","name":"ark_module.json","path":"D:\\code\\MoodDiary\\entry\\build\\default\\intermediates\\res\\default\\ark_module.json","type":"file","isSymbolicLink":false,"fileMetaData":{"size":1348,"lastModifiedTime":1766708378271}},{"hashValue":"be1ab13e95b988f7fe82c03e8efec9c4e14193bd86058e06a7b4eb6c8be83b37","name":"ids_map","path":"D:\\code\\MoodDiary\\entry\\build\\default\\intermediates\\res\\default\\ids_map","type":"directory","isSymbolicLink":false,"children":[{"hashValue":"51b5782fe4e2b8b5b2adbca390feb7702877dad5890b0613a0a96483a029de76","name":"id_defined.json","path":"D:\\code\\MoodDiary\\entry\\build\\default\\intermediates\\res\\default\\ids_map\\id_defined.json","type":"file","isSymbolicLink":false,"fileMetaData":{"size":1024,"lastModifiedTime":1766711401244}}]},{"hashValue":"f9a4d1d6c80f2277b08f0862249634fe21da5c685532e6c879c6fb986ae66490","name":"module.json","path":"D:\\code\\MoodDiary\\entry\\build\\default\\intermediates\\res\\default\\module.json","type":"file","isSymbolicLink":false,"fileMetaData":{"size":1879,"lastModifiedTime":1766711401202}},{"hashValue":"6f54632aafdce299ea0455e0de400df91b35b48a64cdc58bc601552878038b75","name":"opt-compression.json","path":"D:\\code\\MoodDiary\\entry\\build\\default\\intermediates\\res\\default\\opt-compression.json","type":"file","isSymbolicLink":false,"fileMetaData":{"size":182,"lastModifiedTime":1766704833858}},{"hashValue":"2526729f3dfd90c53550b8d6bbac440771af49a6a0ef633636c1e123bc7f8892","name":"resConfig.json","path":"D:\\code\\MoodDiary\\entry\\build\\default\\intermediates\\res\\default\\resConfig.json","type":"file","isSymbolicLink":false,"fileMetaData":{"size":937,"lastModifiedTime":1766704833859}},{"hashValue":"0adc6f1eeefce50feb016b4515a14b5c518c0e9c063954728dc4c3febc1e1002","name":"resources","path":"D:\\code\\MoodDiary\\entry\\build\\default\\intermediates\\res\\default\\resources","type":"directory","isSymbolicLink":false,"children":[{"hashValue":"a7bb76c0929e32a32c90c56216af173a8d52db9475fa74ad188b63dadf22af6b","name":"base","path":"D:\\code\\MoodDiary\\entry\\build\\default\\intermediates\\res\\default\\resources\\base","type":"directory","isSymbolicLink":false,"children":[{"hashValue":"592442c0d450bcc17e0c36919c5404f3a41ee7c8fcc4feacf8baacc5efe75567","name":"media","path":"D:\\code\\MoodDiary\\entry\\build\\default\\intermediates\\res\\default\\resources\\base\\media","type":"directory","isSymbolicLink":false,"children":[{"hashValue":"e944c5ea4c59934df40c51ceb2a3d559a54470da525b627531328fdfbe85c74b","name":"app_icon.png","path":"D:\\code\\MoodDiary\\entry\\build\\default\\intermediates\\res\\default\\resources\\base\\media\\app_icon.png","type":"file","isSymbolicLink":false,"fileMetaData":{"size":100381,"lastModifiedTime":1766711401242}},{"hashValue":"2675ac75e1e42636036ab69561cc078d5ddf6e3c3190add3eedf862353b00136","name":"background.png","path":"D:\\code\\MoodDiary\\entry\\build\\default\\intermediates\\res\\default\\resources\\base\\media\\background.png","type":"file","isSymbolicLink":false,"fileMetaData":{"size":91942,"lastModifiedTime":1766702735530}},{"hashValue":"86f96f598dc29fede70674f1b0495adeaa2689912a4103f679965b9c1b68d009","name":"foreground.png","path":"D:\\code\\MoodDiary\\entry\\build\\default\\intermediates\\res\\default\\resources\\base\\media\\foreground.png","type":"file","isSymbolicLink":false,"fileMetaData":{"size":15325,"lastModifiedTime":1766702735549}},{"hashValue":"2785f9887270c91f7f92988ad49b3e0c601b76ab6c6158943d2d41b64e829a81","name":"layered_image.json","path":"D:\\code\\MoodDiary\\entry\\build\\default\\intermediates\\res\\default\\resources\\base\\media\\layered_image.json","type":"file","isSymbolicLink":false,"fileMetaData":{"size":95,"lastModifiedTime":1766711401201}},{"hashValue":"03d7f531d0f8861770d78e4afc56488a03ecf5ef48deb23ad30da8c2621e923b","name":"startIcon.png","path":"D:\\code\\MoodDiary\\entry\\build\\default\\intermediates\\res\\default\\resources\\base\\media\\startIcon.png","type":"file","isSymbolicLink":false,"fileMetaData":{"size":20093,"lastModifiedTime":1766702735976}}]},{"hashValue":"d9307a782b99e59826157313ebbb2858ac613c0ade4dbf4f8c0b9d423e0f197a","name":"profile","path":"D:\\code\\MoodDiary\\entry\\build\\default\\intermediates\\res\\default\\resources\\base\\profile","type":"directory","isSymbolicLink":false,"children":[{"hashValue":"a0f34b7b3ddee25c820c0fb0c0bf7dbf964af24165e087d38510ee81a4464be5","name":"backup_config.json","path":"D:\\code\\MoodDiary\\entry\\build\\default\\intermediates\\res\\default\\resources\\base\\profile\\backup_config.json","type":"file","isSymbolicLink":false,"fileMetaData":{"size":36,"lastModifiedTime":1766702736061}},{"hashValue":"fb5ba61087bca6914c06da0648db24274ee62494efc71be8ad6acf016419d10a","name":"main_pages.json","path":"D:\\code\\MoodDiary\\entry\\build\\default\\intermediates\\res\\default\\resources\\base\\profile\\main_pages.json","type":"file","isSymbolicLink":false,"fileMetaData":{"size":211,"lastModifiedTime":1766711251671}}]}]},{"hashValue":"","name":"rawfile","path":"D:\\code\\MoodDiary\\entry\\build\\default\\intermediates\\res\\default\\resources\\rawfile","type":"directory","isSymbolicLink":false,"children":[]}]},{"hashValue":"38a52e872db42a07227116b10c32ad5fce3b7f204a871d5a44c22575e8dcca4a","name":"resources.index","path":"D:\\code\\MoodDiary\\entry\\build\\default\\intermediates\\res\\default\\resources.index","type":"file","isSymbolicLink":false,"fileMetaData":{"size":1108,"lastModifiedTime":1766711401244}},{"hashValue":"dda2458ba58725e0aa190e0371e5e8861bce6f38055d082d43a125980bf8555c","name":"ResourceTable.txt","path":"D:\\code\\MoodDiary\\entry\\build\\default\\intermediates\\res\\default\\ResourceTable.txt","type":"file","isSymbolicLink":false,"fileMetaData":{"size":410,"lastModifiedTime":1766711401202}}]},"D:\\code\\MoodDiary\\entry\\build\\default\\generated\\r\\default\\ResourceTable.h":{"hashValue":"a067f5c43c98730f0f3bd55792568235ab496300fdeffbc7c48e3e25511a2453","name":"ResourceTable.h","path":"D:\\code\\MoodDiary\\entry\\build\\default\\generated\\r\\default\\ResourceTable.h","type":"file","isSymbolicLink":false,"fileMetaData":{"size":1337,"lastModifiedTime":1766711401201}},"D:\\code\\MoodDiary\\entry\\build\\default\\generated\\r\\default":{"hashValue":"e566205b452969a6996ccf8381d8151027adb56be18d88b35dc667d9373c310e","name":"default","path":"D:\\code\\MoodDiary\\entry\\build\\default\\generated\\r\\default","type":"directory","isSymbolicLink":false,"children":[{"hashValue":"a067f5c43c98730f0f3bd55792568235ab496300fdeffbc7c48e3e25511a2453","name":"ResourceTable.h","path":"D:\\code\\MoodDiary\\entry\\build\\default\\generated\\r\\default\\ResourceTable.h","type":"file","isSymbolicLink":false,"fileMetaData":{"size":1337,"lastModifiedTime":1766711401201}}]},"D:\\code\\MoodDiary\\entry\\build\\default\\intermediates\\stripped_native_libs\\default":{"hashValue":"","name":"default","path":"D:\\code\\MoodDiary\\entry\\build\\default\\intermediates\\stripped_native_libs\\default","type":"directory","isSymbolicLink":false,"children":[]},"D:\\code\\MoodDiary\\entry\\build\\default\\intermediates\\loader\\default":{"hashValue":"144aa3ff190af02e16d8e3dc320bcfcad76bb6751dd2e4f6c1654a5667ad811a","name":"default","path":"D:\\code\\MoodDiary\\entry\\build\\default\\intermediates\\loader\\default","type":"directory","isSymbolicLink":false,"children":[{"hashValue":"173cd2b713b48363e8039f4af3755875ebe76d9f0e72f5f93143a14fc05f6f1e","name":"loader.json","path":"D:\\code\\MoodDiary\\entry\\build\\default\\intermediates\\loader\\default\\loader.json","type":"file","isSymbolicLink":false,"fileMetaData":{"size":851,"lastModifiedTime":1766708378335}},{"hashValue":"9137598b570a35782e84dee20fc7ecdaa9ab043357512e90aa031d915d056b7d","name":"pkgContextInfo.json","path":"D:\\code\\MoodDiary\\entry\\build\\default\\intermediates\\loader\\default\\pkgContextInfo.json","type":"file","isSymbolicLink":false,"fileMetaData":{"size":444,"lastModifiedTime":1766704833726}}]},"D:\\code\\MoodDiary\\entry\\build\\default\\intermediates\\res\\default\\resources\\rawfile":{"hashValue":"","name":"rawfile","path":"D:\\code\\MoodDiary\\entry\\build\\default\\intermediates\\res\\default\\resources\\rawfile","type":"directory","isSymbolicLink":false,"children":[]},"D:\\code\\MoodDiary\\entry\\build\\default\\intermediates\\res\\default\\ResourceTable.txt":{"hashValue":"dda2458ba58725e0aa190e0371e5e8861bce6f38055d082d43a125980bf8555c","name":"ResourceTable.txt","path":"D:\\code\\MoodDiary\\entry\\build\\default\\intermediates\\res\\default\\ResourceTable.txt","type":"file","isSymbolicLink":false,"fileMetaData":{"size":410,"lastModifiedTime":1766711401202}},"D:\\code\\MoodDiary\\entry\\build\\default\\intermediates\\res\\default\\ark_module.json":{"hashValue":"b53dd2653acf5195a0d7204f962ebff98ffdbac854ae28ee06b054382e73e0e5","name":"ark_module.json","path":"D:\\code\\MoodDiary\\entry\\build\\default\\intermediates\\res\\default\\ark_module.json","type":"file","isSymbolicLink":false,"fileMetaData":{"size":1348,"lastModifiedTime":1766708378271}},"D:\\code\\MoodDiary\\entry\\build\\default\\intermediates\\res\\default\\resources\\base\\profile":{"hashValue":"d9307a782b99e59826157313ebbb2858ac613c0ade4dbf4f8c0b9d423e0f197a","name":"profile","path":"D:\\code\\MoodDiary\\entry\\build\\default\\intermediates\\res\\default\\resources\\base\\profile","type":"directory","isSymbolicLink":false,"children":[{"hashValue":"a0f34b7b3ddee25c820c0fb0c0bf7dbf964af24165e087d38510ee81a4464be5","name":"backup_config.json","path":"D:\\code\\MoodDiary\\entry\\build\\default\\intermediates\\res\\default\\resources\\base\\profile\\backup_config.json","type":"file","isSymbolicLink":false,"fileMetaData":{"size":36,"lastModifiedTime":1766702736061}},{"hashValue":"fb5ba61087bca6914c06da0648db24274ee62494efc71be8ad6acf016419d10a","name":"main_pages.json","path":"D:\\code\\MoodDiary\\entry\\build\\default\\intermediates\\res\\default\\resources\\base\\profile\\main_pages.json","type":"file","isSymbolicLink":false,"fileMetaData":{"size":211,"lastModifiedTime":1766711251671}}]},"D:\\code\\MoodDiary\\entry\\build\\default\\intermediates\\loader_out\\default\\ets":{"hashValue":"de030b3b5f580daa0c3c76818a37103d7841b69e3215c11c4cff387404c733b5","name":"ets","path":"D:\\code\\MoodDiary\\entry\\build\\default\\intermediates\\loader_out\\default\\ets","type":"directory","isSymbolicLink":false,"children":[{"hashValue":"dc66a24685d6ccc44017d747428798bf69bb37cedc1470e540f89bffb793091b","name":"modules.abc","path":"D:\\code\\MoodDiary\\entry\\build\\default\\intermediates\\loader_out\\default\\ets\\modules.abc","type":"file","isSymbolicLink":false,"fileMetaData":{"size":231724,"lastModifiedTime":1766726074001}},{"hashValue":"5d6f09098155781560cfd0df2bd32f1a27af6dbd5cbc8f38128d47035101f9ca","name":"sourceMaps.map","path":"D:\\code\\MoodDiary\\entry\\build\\default\\intermediates\\loader_out\\default\\ets\\sourceMaps.map","type":"file","isSymbolicLink":false,"fileMetaData":{"size":68234,"lastModifiedTime":1766726073883}}]},"D:\\code\\MoodDiary\\entry\\build\\default\\intermediates\\patch\\default\\base_native_libs.json":{"hashValue":"7a91ed954d569e20294c7602102309eab75799f72fe09827d1803b033bc5b12f","name":"base_native_libs.json","path":"D:\\code\\MoodDiary\\entry\\build\\default\\intermediates\\patch\\default\\base_native_libs.json","type":"file","isSymbolicLink":false,"fileMetaData":{"size":25,"lastModifiedTime":1766704835392}},"D:\\code\\MoodDiary\\entry\\build\\default\\intermediates\\res\\default\\module.json":{"hashValue":"f9a4d1d6c80f2277b08f0862249634fe21da5c685532e6c879c6fb986ae66490","name":"module.json","path":"D:\\code\\MoodDiary\\entry\\build\\default\\intermediates\\res\\default\\module.json","type":"file","isSymbolicLink":false,"fileMetaData":{"size":1879,"lastModifiedTime":1766711401202}},"D:\\code\\MoodDiary\\entry\\build\\default\\intermediates\\package\\default\\module.json":{"hashValue":"1c495bd61ee8067463bb61ac6026627c9e591623ee68aca8cb859fedaa512191","name":"module.json","path":"D:\\code\\MoodDiary\\entry\\build\\default\\intermediates\\package\\default\\module.json","type":"file","isSymbolicLink":false,"fileMetaData":{"size":1558,"lastModifiedTime":1766711413564}},"D:\\code\\MoodDiary\\entry\\build\\default\\intermediates\\res\\default\\resources":{"hashValue":"0adc6f1eeefce50feb016b4515a14b5c518c0e9c063954728dc4c3febc1e1002","name":"resources","path":"D:\\code\\MoodDiary\\entry\\build\\default\\intermediates\\res\\default\\resources","type":"directory","isSymbolicLink":false,"children":[{"hashValue":"a7bb76c0929e32a32c90c56216af173a8d52db9475fa74ad188b63dadf22af6b","name":"base","path":"D:\\code\\MoodDiary\\entry\\build\\default\\intermediates\\res\\default\\resources\\base","type":"directory","isSymbolicLink":false,"children":[{"hashValue":"592442c0d450bcc17e0c36919c5404f3a41ee7c8fcc4feacf8baacc5efe75567","name":"media","path":"D:\\code\\MoodDiary\\entry\\build\\default\\intermediates\\res\\default\\resources\\base\\media","type":"directory","isSymbolicLink":false,"children":[{"hashValue":"e944c5ea4c59934df40c51ceb2a3d559a54470da525b627531328fdfbe85c74b","name":"app_icon.png","path":"D:\\code\\MoodDiary\\entry\\build\\default\\intermediates\\res\\default\\resources\\base\\media\\app_icon.png","type":"file","isSymbolicLink":false,"fileMetaData":{"size":100381,"lastModifiedTime":1766711401242}},{"hashValue":"2675ac75e1e42636036ab69561cc078d5ddf6e3c3190add3eedf862353b00136","name":"background.png","path":"D:\\code\\MoodDiary\\entry\\build\\default\\intermediates\\res\\default\\resources\\base\\media\\background.png","type":"file","isSymbolicLink":false,"fileMetaData":{"size":91942,"lastModifiedTime":1766702735530}},{"hashValue":"86f96f598dc29fede70674f1b0495adeaa2689912a4103f679965b9c1b68d009","name":"foreground.png","path":"D:\\code\\MoodDiary\\entry\\build\\default\\intermediates\\res\\default\\resources\\base\\media\\foreground.png","type":"file","isSymbolicLink":false,"fileMetaData":{"size":15325,"lastModifiedTime":1766702735549}},{"hashValue":"2785f9887270c91f7f92988ad49b3e0c601b76ab6c6158943d2d41b64e829a81","name":"layered_image.json","path":"D:\\code\\MoodDiary\\entry\\build\\default\\intermediates\\res\\default\\resources\\base\\media\\layered_image.json","type":"file","isSymbolicLink":false,"fileMetaData":{"size":95,"lastModifiedTime":1766711401201}},{"hashValue":"03d7f531d0f8861770d78e4afc56488a03ecf5ef48deb23ad30da8c2621e923b","name":"startIcon.png","path":"D:\\code\\MoodDiary\\entry\\build\\default\\intermediates\\res\\default\\resources\\base\\media\\startIcon.png","type":"file","isSymbolicLink":false,"fileMetaData":{"size":20093,"lastModifiedTime":1766702735976}}]},{"hashValue":"d9307a782b99e59826157313ebbb2858ac613c0ade4dbf4f8c0b9d423e0f197a","name":"profile","path":"D:\\code\\MoodDiary\\entry\\build\\default\\intermediates\\res\\default\\resources\\base\\profile","type":"directory","isSymbolicLink":false,"children":[{"hashValue":"a0f34b7b3ddee25c820c0fb0c0bf7dbf964af24165e087d38510ee81a4464be5","name":"backup_config.json","path":"D:\\code\\MoodDiary\\entry\\build\\default\\intermediates\\res\\default\\resources\\base\\profile\\backup_config.json","type":"file","isSymbolicLink":false,"fileMetaData":{"size":36,"lastModifiedTime":1766702736061}},{"hashValue":"fb5ba61087bca6914c06da0648db24274ee62494efc71be8ad6acf016419d10a","name":"main_pages.json","path":"D:\\code\\MoodDiary\\entry\\build\\default\\intermediates\\res\\default\\resources\\base\\profile\\main_pages.json","type":"file","isSymbolicLink":false,"fileMetaData":{"size":211,"lastModifiedTime":1766711251671}}]}]},{"hashValue":"","name":"rawfile","path":"D:\\code\\MoodDiary\\entry\\build\\default\\intermediates\\res\\default\\resources\\rawfile","type":"directory","isSymbolicLink":false,"children":[]}]},"D:\\code\\MoodDiary\\entry\\build\\default\\intermediates\\res\\default\\resources.index":{"hashValue":"38a52e872db42a07227116b10c32ad5fce3b7f204a871d5a44c22575e8dcca4a","name":"resources.index","path":"D:\\code\\MoodDiary\\entry\\build\\default\\intermediates\\res\\default\\resources.index","type":"file","isSymbolicLink":false,"fileMetaData":{"size":1108,"lastModifiedTime":1766711401244}},"D:\\code\\MoodDiary\\entry\\build\\default\\intermediates\\loader_out\\default\\ets\\sourceMaps.map":{"hashValue":"5d6f09098155781560cfd0df2bd32f1a27af6dbd5cbc8f38128d47035101f9ca","name":"sourceMaps.map","path":"D:\\code\\MoodDiary\\entry\\build\\default\\intermediates\\loader_out\\default\\ets\\sourceMaps.map","type":"file","isSymbolicLink":false,"fileMetaData":{"size":68234,"lastModifiedTime":1766726073883}},"D:\\code\\MoodDiary\\entry\\build\\default\\outputs\\default\\entry-default-unsigned.hap":{"hashValue":"8f1f0be78ba543a7bfd54c476904259fc7f23b7a22b52b7a27a86ba7074738b2","name":"entry-default-unsigned.hap","path":"D:\\code\\MoodDiary\\entry\\build\\default\\outputs\\default\\entry-default-unsigned.hap","type":"file","isSymbolicLink":false,"fileMetaData":{"size":533382,"lastModifiedTime":1766726074084}},"D:\\code\\MoodDiary\\entry\\build\\default\\intermediates\\source_map\\default\\sourceMaps.map":{"hashValue":"5d6f09098155781560cfd0df2bd32f1a27af6dbd5cbc8f38128d47035101f9ca","name":"sourceMaps.map","path":"D:\\code\\MoodDiary\\entry\\build\\default\\intermediates\\source_map\\default\\sourceMaps.map","type":"file","isSymbolicLink":false,"fileMetaData":{"size":68234,"lastModifiedTime":1766726073883}},"D:\\code\\MoodDiary\\entry\\build\\default\\outputs\\default\\mapping\\sourceMaps.map":{"hashValue":"5d6f09098155781560cfd0df2bd32f1a27af6dbd5cbc8f38128d47035101f9ca","name":"sourceMaps.map","path":"D:\\code\\MoodDiary\\entry\\build\\default\\outputs\\default\\mapping\\sourceMaps.map","type":"file","isSymbolicLink":false,"fileMetaData":{"size":68234,"lastModifiedTime":1766726073883}},"D:\\code\\MoodDiary\\entry\\build\\default\\generated\\profile\\default\\ModuleInfo.ts":{"hashValue":"","name":"emptyroot","path":"","type":"unknown","isSymbolicLink":false,"children":[]},"D:\\code\\MoodDiary\\build\\cache\\default\\integrated_hsp\\integratedHspCache.json":{"hashValue":"","name":"emptyroot","path":"","type":"unknown","isSymbolicLink":false,"children":[]},"D:\\code\\MoodDiary\\entry\\build\\default\\intermediates\\syscap\\default\\rpcid.sc":{"hashValue":"","name":"emptyroot","path":"","type":"unknown","isSymbolicLink":false,"children":[]},"D:\\code\\MoodDiary\\entry\\build\\default\\intermediates\\startup\\default\\startup_config.json":{"hashValue":"","name":"emptyroot","path":"","type":"unknown","isSymbolicLink":false,"children":[]},"D:\\code\\MoodDiary\\entry\\build\\default\\intermediates\\loader_out\\default\\js":{"hashValue":"","name":"emptyroot","path":"","type":"unknown","isSymbolicLink":false,"children":[]},"D:\\code\\MoodDiary\\entry\\build\\default\\outputs\\default\\entry-default-signed.hap":{"hashValue":"","name":"emptyroot","path":"","type":"unknown","isSymbolicLink":false,"children":[]},"D:\\code\\MoodDiary\\entry\\build\\default\\outputs\\default\\symbol":{"hashValue":"","name":"emptyroot","path":"","type":"unknown","isSymbolicLink":false,"children":[]}}