{":MoodDiary:entry:default@PreBuild":{"_inputs":[{"dataType":"ValueEntry","value":"{\"_name\":\"BUILTIN_TASK_COMMAND\",\"_value\":\"\",\"_valueType\":\"string\",\"_hash\":\"6c1049eece256c5ecd9a72bb60d260f5eaa0c767e9261531c19a2711a4384caa\"}"},{"dataType":"ValueEntry","value":"{\"_name\":\"BUILTIN_TASK_ENV\",\"_value\":\"\",\"_valueType\":\"string\",\"_hash\":\"fab23d53b4bed861bede91aa55abd54ccbb48f2366122ec79fa9d6a917cab83a\"}"},{"dataType":"ValueEntry","value":"{\"_name\":\"BUILTIN_TASK_TOOLCHAIN\",\"_value\":\"\",\"_valueType\":\"string\",\"_hash\":\"f354d8b3443da1d086e3f8d488045965d1abb7d86e6d7602e63c46d85ae85454\"}"},{"dataType":"ValueEntry","value":"{\"_name\":\"apiType\",\"_value\":\"stageMode\",\"_valueType\":\"string\",\"_hash\":\"9ac09f1ae36c615b7034e57604d143ee6f7923a31f49ed79ba5af84e65bd2cd5\"}"},{"dataType":"ValueEntry","value":"{\"_name\":\"byteCodeHar\",\"_value\":false,\"_valueType\":\"boolean\",\"_hash\":\"4a2f0b0a7b1684665f4cfdf556e7849eb7b76fd73c8be3b83a43ccf9022a23dc\"}"},{"dataType":"ValueEntry","value":"{\"_name\":\"codeType\",\"_value\":true,\"_valueType\":\"boolean\",\"_hash\":\"55d417a3ae2590190c5eec1f80e83526051dc5fd38bfdf095543a8ebfb0969d0\"}"},{"dataType":"ValueEntry","value":"{\"_name\":\"compatibleApiVersion\",\"_value\":13,\"_valueType\":\"number\",\"_hash\":\"95911a614c8f7acafd684857a9282d630456d00a538343ae833b905eb47a7de5\"}"},{"dataType":"ValueEntry","value":"{\"_name\":\"compileApiVersion\",\"_value\":21,\"_valueType\":\"number\",\"_hash\":\"172e07e1335bae92f1242f8a7ae7145e7cc2346411314feb3d79274c65d19671\"}"},{"dataType":"ValueEntry","value":"{\"_name\":\"configuration\",\"_value\":\"\",\"_valueType\":\"string\",\"_hash\":\"b041968df1b26a31cfc4ac747e70435fa5a69b22512251322233d70b778fdade\"}"},{"dataType":"ValueEntry","value":"{\"_name\":\"configurationFileJson\",\"_value\":\"\",\"_valueType\":\"string\",\"_hash\":\"38995319d700f1305e6f6c3f020f422155fa8dbd43f1ebc9125ad7fdfa41a760\"}"},{"dataType":"ValueEntry","value":"{\"_name\":\"customTypes\",\"_value\":\"\",\"_valueType\":\"string\",\"_hash\":\"a53b59d3cf3d0e26864fb7740c427a8bb49c88847f89d2674bae0714f005cd69\"}"},{"dataType":"ValueEntry","value":"{\"_name\":\"deviceType\",\"_value\":[\"phone\"],\"_valueType\":\"object\",\"_hash\":\"35058b222bc7d5123f775d086d840977321c7cf65da5bf12a25b22a071dddbdb\"}"},{"dataType":"ValueEntry","value":"{\"_name\":\"excludeExpandImportDependencyNames\",\"_value\":[],\"_valueType\":\"object\",\"_hash\":\"7ac740b7270690c6ad8e2c54545fb0683a607618b35bc56fa079abd95d469671\"}"},{"dataType":"ValueEntry","value":"{\"_name\":\"integrated_hsp\",\"_value\":false,\"_valueType\":\"boolean\",\"_hash\":\"c8e0a42238b6cb31ba5369f43f42fa7da63c8b99e3bc85ae67f55c6b25ba0540\"}"},{"dataType":"ValueEntry","value":"{\"_name\":\"isExpandImportEnabled\",\"_value\":false,\"_valueType\":\"boolean\",\"_hash\":\"b67a29a46e7f73582199a2914054cf91c9c3c5201bae6150d41cb4ff12f75a33\"}"},{"dataType":"ValueEntry","value":"{\"_name\":\"isPreloadSystemSoEnabled\",\"_value\":false,\"_valueType\":\"boolean\",\"_hash\":\"6ac08297964668ba6d6497fff711f690384b7295ce0ad8544261dd56d792025c\"}"},{"dataType":"ValueEntry","value":"{\"_name\":\"isSingleFileEmitEnabled\",\"_value\":false,\"_valueType\":\"boolean\",\"_hash\":\"e4c94844e729a98f2b41957f8a30299cb4b7008cbb2b94ad9f2b339252b2a3e8\"}"},{"dataType":"ValueEntry","value":"{\"_name\":\"isSupportOhpmProj\",\"_value\":true,\"_valueType\":\"boolean\",\"_hash\":\"9338de8e6e2136c4fbf4aca514d6b4410fe55bc08b27a9df26930b1bc45b181b\"}"},{"dataType":"ValueEntry","value":"{\"_name\":\"mockConfigSources\",\"_value\":\"\",\"_valueType\":\"string\",\"_hash\":\"a3bff00750cc8a798045da26a41c733414559f8c03a3b3b128a9d5d1b4030388\"}"},{"dataType":"ValueEntry","value":"{\"_name\":\"moduleDependencyNames\",\"_value\":[],\"_valueType\":\"object\",\"_hash\":\"a371086d2024edef8e9b6734d528894e3bd2f5c7a4f7158b62a2545963146831\"}"},{"dataType":"ValueEntry","value":"{\"_name\":\"moduleJsonOpt\",\"_value\":\"{\\\"jsonFilePath\\\":\\\"D:\\\\\\\\code\\\\\\\\MoodDiary\\\\\\\\entry\\\\\\\\src\\\\\\\\main\\\\\\\\module.json5\\\",\\\"profile\\\":{\\\"module\\\":{\\\"name\\\":\\\"entry\\\",\\\"type\\\":\\\"entry\\\",\\\"description\\\":\\\"$string:module_desc\\\",\\\"mainElement\\\":\\\"EntryAbility\\\",\\\"deviceTypes\\\":[\\\"phone\\\"],\\\"deliveryWithInstall\\\":true,\\\"installationFree\\\":false,\\\"pages\\\":\\\"$profile:main_pages\\\",\\\"abilities\\\":[{\\\"name\\\":\\\"EntryAbility\\\",\\\"srcEntry\\\":\\\"./ets/entryability/EntryAbility.ets\\\",\\\"description\\\":\\\"$string:EntryAbility_desc\\\",\\\"icon\\\":\\\"$media:app_icon\\\",\\\"label\\\":\\\"$string:EntryAbility_label\\\",\\\"startWindowIcon\\\":\\\"$media:startIcon\\\",\\\"startWindowBackground\\\":\\\"$color:start_window_background\\\",\\\"exported\\\":true,\\\"skills\\\":[{\\\"entities\\\":[\\\"entity.system.home\\\"],\\\"actions\\\":[\\\"ohos.want.action.home\\\"]}]}],\\\"extensionAbilities\\\":[{\\\"name\\\":\\\"EntryBackupAbility\\\",\\\"srcEntry\\\":\\\"./ets/entrybackupability/EntryBackupAbility.ets\\\",\\\"type\\\":\\\"backup\\\",\\\"exported\\\":false,\\\"metadata\\\":[{\\\"name\\\":\\\"ohos.extension.backup\\\",\\\"resource\\\":\\\"$profile:backup_config\\\"}]}]}},\\\"deviceTypes\\\":[\\\"phone\\\"],\\\"deviceConfig\\\":\\\"deviceTypes\\\",\\\"configurationProfile\\\":\\\"module.json5\\\"}\",\"_valueType\":\"string\",\"_hash\":\"809f1d9a708be9ae01a2ac1ec640bd13af9020931b22b73be95fccaae2695402\"}"},{"dataType":"ValueEntry","value":"{\"_name\":\"profileModuleName\",\"_value\":\"entry\",\"_valueType\":\"string\",\"_hash\":\"78e7b86d1a6d2e9e31fd10fc7e74c0a899014f517dec9eb153efb2374affaafd\"}"},{"dataType":"ValueEntry","value":"{\"_name\":\"removePermissions\",\"_valueType\":\"undefined\",\"_hash\":\"68ce79e87f7bc97a0e03070101e01e1b68b101f52b35a57fde4a1b321be3bdde\"}"},{"dataType":"ValueEntry","value":"{\"_name\":\"requiredDeviceType\",\"_value\":\"phone\",\"_valueType\":\"string\",\"_hash\":\"34d86a2806f1fb74d55d8e911e14505d3620628a37b9abaebf31ee814b6a64ed\"}"},{"dataType":"ValueEntry","value":"{\"_name\":\"sdkToolchainsComponentVersion\",\"_value\":\"6.0.1.116\",\"_valueType\":\"string\",\"_hash\":\"c5f8ad071cdb9b26dd6d44ba32488e26341001cda889843c6f36abb3a120e59e\"}"},{"dataType":"ValueEntry","value":"{\"_name\":\"sourceRoots\",\"_value\":true,\"_valueType\":\"boolean\",\"_hash\":\"09f6b4afb8ee03e299b12d3d2d17163933dca5fed9db3a9d0bc0694a7c1a8ff8\"}"},{"dataType":"ValueEntry","value":"{\"_name\":\"targetStatusCode\",\"_value\":2,\"_valueType\":\"number\",\"_hash\":\"6946489f2257d736396b7b570077542aef0edefbcd7f8686c6020a2a9d5530fa\"}"},{"dataType":"ValueEntry","value":"{\"_name\":\"transformLib\",\"_value\":\"\",\"_valueType\":\"string\",\"_hash\":\"e290891c0838ca6470020dcf292833f2588221dca1a7fa6af21969fb642d4e6d\"}"},{"dataType":"ValueEntry","value":"{\"_name\":\"useNormalizedOHMUrl\",\"_value\":true,\"_valueType\":\"boolean\",\"_hash\":\"0224eeca0e5401fc0c653dbed2bab63ff91b2d1c8e23719fbab4e11e695311d9\"}"}],"_successful":true,"_projectName":"MoodDiary","_moduleName":"entry","_taskName":"default@PreBuild","_key":":MoodDiary:entry:default@PreBuild","_executionId":":MoodDiary:entry:default@PreBuild:1766711400617","_inputFiles":{"dataType":"Map","value":[["D:\\code\\MoodDiary\\AppScope\\app.json5",{"isDirectory":false,"fileSnapShotHashValue":"31d08e046a307a4f5ca5e4969391c56542df3cb8ee2c637673f2c9fc209ac0d6"}],["D:\\code\\MoodDiary\\entry\\src\\main\\module.json5",{"isDirectory":false,"fileSnapShotHashValue":"993c173c4a65387e9d831c7ca0485dde3b028d2ddef0ef972f3e85bd796a2643"}],["D:\\code\\MoodDiary\\build-profile.json5",{"fileSnapShotHashValue":"a0f5bc442ef1281428f8ecb200644761175a546c7eea763321f94f902057fc20"}],["D:\\code\\MoodDiary\\entry\\build-profile.json5",{"fileSnapShotHashValue":"6b489b2cbaf389b6e0bcd82012f0990fe88754a63d71ed26d8ef906df8ec8617"}],["D:\\code\\MoodDiary\\entry\\src\\main\\resources\\base\\profile\\main_pages.json",{"fileSnapShotHashValue":"fb5ba61087bca6914c06da0648db24274ee62494efc71be8ad6acf016419d10a"}],["D:\\code\\MoodDiary\\hvigor\\hvigor-config.json5",{"isDirectory":true,"fileSnapShotHashValue":"e6ea3d49663541f9c24cccbb1ac6cdde2f43d4d8ef526e6e8c9083d5c2743d43"}],["D:\\code\\MoodDiary\\entry\\src\\mock\\mock-config.json5",{"isDirectory":false,"fileSnapShotHashValue":"47cc50f3b6a4b04f092139e71a7090923da17c1aef8f937553fae46499cd29e0"}],["D:\\code\\MoodDiary\\entry\\oh-package.json5",{"fileSnapShotHashValue":"7a5555f5d18e23790f6e7152b66049059176036c8eb7a80d43be9954d34b3e18"}],["D:\\code\\MoodDiary\\oh-package.json5",{"fileSnapShotHashValue":"78bb86a03c5345f986e39500c3f8a0cfe004041c70fa43632686c63e293eb9cd"}]]},"_outputFiles":{"dataType":"Map","value":[]}},":MoodDiary:entry:default@CreateModuleInfo":{"_inputs":[{"dataType":"ValueEntry","value":"{\"_name\":\"ohosUiTransformOptimization\",\"_value\":false,\"_valueType\":\"boolean\"}"},{"dataType":"ValueEntry","value":"{\"_name\":\"BUILTIN_TASK_COMMAND\",\"_value\":\"\",\"_valueType\":\"string\"}"},{"dataType":"ValueEntry","value":"{\"_name\":\"BUILTIN_TASK_TOOLCHAIN\",\"_value\":\"\",\"_valueType\":\"string\"}"},{"dataType":"ValueEntry","value":"{\"_name\":\"BUILTIN_TASK_ENV\",\"_value\":\"\",\"_valueType\":\"string\"}"}],"_successful":false,"_projectName":"MoodDiary","_moduleName":"entry","_taskName":"default@CreateModuleInfo","_key":":MoodDiary:entry:default@CreateModuleInfo","_executionId":":MoodDiary:entry:default@CreateModuleInfo:1766726072556","_inputFiles":{"dataType":"Map","value":[]},"_outputFiles":{"dataType":"Map","value":[["D:\\code\\MoodDiary\\entry\\build\\default\\generated\\profile\\default\\ModuleInfo.ts",{"isDirectory":false,"fileSnapShotHashValue":""}]]}},":MoodDiary:entry:default@MergeProfile":{"_inputs":[{"dataType":"ValueEntry","value":"{\"_name\":\"BUILTIN_TASK_COMMAND\",\"_value\":\"\",\"_valueType\":\"string\",\"_hash\":\"6c1049eece256c5ecd9a72bb60d260f5eaa0c767e9261531c19a2711a4384caa\"}"},{"dataType":"ValueEntry","value":"{\"_name\":\"BUILTIN_TASK_ENV\",\"_value\":\"\",\"_valueType\":\"string\",\"_hash\":\"fab23d53b4bed861bede91aa55abd54ccbb48f2366122ec79fa9d6a917cab83a\"}"},{"dataType":"ValueEntry","value":"{\"_name\":\"BUILTIN_TASK_TOOLCHAIN\",\"_value\":\"\",\"_valueType\":\"string\",\"_hash\":\"f354d8b3443da1d086e3f8d488045965d1abb7d86e6d7602e63c46d85ae85454\"}"},{"dataType":"ValueEntry","value":"{\"_name\":\"appJsonOpt\",\"_value\":\"{\\\"app\\\":{\\\"bundleName\\\":\\\"com.example.mooddiary\\\",\\\"vendor\\\":\\\"example\\\",\\\"versionCode\\\":1000000,\\\"versionName\\\":\\\"1.0.0\\\",\\\"icon\\\":\\\"$media:app_icon\\\",\\\"label\\\":\\\"$string:app_name\\\"}}\",\"_valueType\":\"string\",\"_hash\":\"46549b2d85be11a63d60f350ce31046a6db8b3a4ba6a0d349d53e3f6e664afbb\"}"},{"dataType":"ValueEntry","value":"{\"_name\":\"asanEnable\",\"_value\":false,\"_valueType\":\"boolean\",\"_hash\":\"5de58ee96d39449ca7f885eeee57df5a760e34739a5248ac20e31818d201489d\"}"},{"dataType":"ValueEntry","value":"{\"_name\":\"buildProfileAbilities\",\"_valueType\":\"undefined\",\"_hash\":\"1b37f4c5d5e5e2c6096b0545d5c31b5bf64f747075a5e3c85f050e9e4079664b\"}"},{"dataType":"ValueEntry","value":"{\"_name\":\"buildRoot\",\"_value\":\"build\",\"_valueType\":\"string\",\"_hash\":\"57bdd28a519c384eec33006ccb97c870b2af8357499f1588cd8aacb47fc8884d\"}"},{"dataType":"ValueEntry","value":"{\"_name\":\"compatibleSdkVersion\",\"_value\":13,\"_valueType\":\"number\",\"_hash\":\"bbb899535e43e0fecf3076a2fefdaf472af8878574fa9288aebfb18f105a52cc\"}"},{"dataType":"ValueEntry","value":"{\"_name\":\"hwasanEnable\",\"_value\":false,\"_valueType\":\"boolean\",\"_hash\":\"f8bd6c4afae917a91bd141551210297e8a9b68ab5fb0adf6880673768a5ed7c6\"}"},{"dataType":"ValueEntry","value":"{\"_name\":\"includeAppScopeRes\",\"_value\":\"\",\"_valueType\":\"string\",\"_hash\":\"3c2a9052be609669b88b444d06b45b9cd9aa9bdbc5c549cf890a3bd37fc58d60\"}"},{"dataType":"ValueEntry","value":"{\"_name\":\"integratedHsp\",\"_value\":false,\"_valueType\":\"boolean\",\"_hash\":\"ab7ebc56ff53ba733fc5e60a1c0e16725afa0b21d0966f7b50cce78a02e48d74\"}"},{"dataType":"ValueEntry","value":"{\"_name\":\"isBundledDependencies\",\"_value\":false,\"_valueType\":\"boolean\",\"_hash\":\"2a22b42a8504b32b68a8cc4173a9e266e6540a9372bf6553176105f698c20dc2\"}"},{"dataType":"ValueEntry","value":"{\"_name\":\"isDebug\",\"_value\":true,\"_valueType\":\"boolean\",\"_hash\":\"3a45940aa78d73204cdc3177ffe70a15eb93b11c64cbef458f919e1b86a6ec6e\"}"},{"dataType":"ValueEntry","value":"{\"_name\":\"isHarModule\",\"_value\":false,\"_valueType\":\"boolean\",\"_hash\":\"bc6aa6a015fd1e648c9c5e447449ece707a678e12fba08771f90ddfe134af3f0\"}"},{"dataType":"ValueEntry","value":"{\"_name\":\"moduleJsonOpt\",\"_value\":\"{\\\"module\\\":{\\\"name\\\":\\\"entry\\\",\\\"type\\\":\\\"entry\\\",\\\"description\\\":\\\"$string:module_desc\\\",\\\"mainElement\\\":\\\"EntryAbility\\\",\\\"deviceTypes\\\":[\\\"phone\\\"],\\\"deliveryWithInstall\\\":true,\\\"installationFree\\\":false,\\\"pages\\\":\\\"$profile:main_pages\\\",\\\"abilities\\\":[{\\\"name\\\":\\\"EntryAbility\\\",\\\"srcEntry\\\":\\\"./ets/entryability/EntryAbility.ets\\\",\\\"description\\\":\\\"$string:EntryAbility_desc\\\",\\\"icon\\\":\\\"$media:app_icon\\\",\\\"label\\\":\\\"$string:EntryAbility_label\\\",\\\"startWindowIcon\\\":\\\"$media:startIcon\\\",\\\"startWindowBackground\\\":\\\"$color:start_window_background\\\",\\\"exported\\\":true,\\\"skills\\\":[{\\\"entities\\\":[\\\"entity.system.home\\\"],\\\"actions\\\":[\\\"ohos.want.action.home\\\"]}]}],\\\"extensionAbilities\\\":[{\\\"name\\\":\\\"EntryBackupAbility\\\",\\\"srcEntry\\\":\\\"./ets/entrybackupability/EntryBackupAbility.ets\\\",\\\"type\\\":\\\"backup\\\",\\\"exported\\\":false,\\\"metadata\\\":[{\\\"name\\\":\\\"ohos.extension.backup\\\",\\\"resource\\\":\\\"$profile:backup_config\\\"}]}]}}\",\"_valueType\":\"string\",\"_hash\":\"7d8b267f7239eb5085c2fcac659c5cd956e91dcf683d64b45870e9cf6b53a1f9\"}"},{"dataType":"ValueEntry","value":"{\"_name\":\"multiProjects\",\"_value\":false,\"_valueType\":\"boolean\",\"_hash\":\"dea8161c1a034ab86a9348c01dfdc4626089c413501f5016bc4be71f6214747b\"}"},{"dataType":"ValueEntry","value":"{\"_name\":\"ohLibs\",\"_value\":[],\"_valueType\":\"object\",\"_hash\":\"a126612b51ae7b5b49f64e029e1534ed38b87d56c35915c9b19e6d46695e567b\"}"},{"dataType":"ValueEntry","value":"{\"_name\":\"packageName\",\"_value\":\"entry\",\"_valueType\":\"string\",\"_hash\":\"2d02010f87ac0c4b88be91ac58b940c03eada62489017432aebd339464bf633a\"}"},{"dataType":"ValueEntry","value":"{\"_name\":\"projectConfigAppOpt\",\"_valueType\":\"undefined\",\"_hash\":\"690bf99bac27c7294cc7056baecf9d1f5996393f344fda6ad83f08f971cfc658\"}"},{"dataType":"ValueEntry","value":"{\"_name\":\"releaseType\",\"_value\":\"Release\",\"_valueType\":\"string\",\"_hash\":\"f9d0b6fb1c4b29b9f08a909bbe00e8b5aa50d5eaf9eb1d05491d02351d827df1\"}"},{"dataType":"ValueEntry","value":"{\"_name\":\"removePermissions\",\"_valueType\":\"undefined\",\"_hash\":\"68ce79e87f7bc97a0e03070101e01e1b68b101f52b35a57fde4a1b321be3bdde\"}"},{"dataType":"ValueEntry","value":"{\"_name\":\"targetSdkVersion\",\"_value\":21,\"_valueType\":\"number\",\"_hash\":\"d66a831efa5064d04b7ffc61b4c4af4813d985ad30b903dae2bd65649965b68d\"}"},{"dataType":"ValueEntry","value":"{\"_name\":\"tsanEnable\",\"_value\":false,\"_valueType\":\"boolean\",\"_hash\":\"4a39a3fadc194c5ff71505bb8da8930c39fe534c877674936b5fa82a4d0c2229\"}"},{"dataType":"ValueEntry","value":"{\"_name\":\"ubsanEnable\",\"_value\":false,\"_valueType\":\"boolean\",\"_hash\":\"b7f8b201242d9c1e5fe6ef2f7faa4fddf88b1072d6bdbbac7f3e0841ecaf8a6f\"}"}],"_successful":true,"_projectName":"MoodDiary","_moduleName":"entry","_taskName":"default@MergeProfile","_key":":MoodDiary:entry:default@MergeProfile","_executionId":":MoodDiary:entry:default@MergeProfile:1766708378015","_inputFiles":{"dataType":"Map","value":[["D:\\code\\MoodDiary\\AppScope\\app.json5",{"fileSnapShotHashValue":"31d08e046a307a4f5ca5e4969391c56542df3cb8ee2c637673f2c9fc209ac0d6"}],["D:\\code\\MoodDiary\\build-profile.json5",{"fileSnapShotHashValue":"a0f5bc442ef1281428f8ecb200644761175a546c7eea763321f94f902057fc20"}],["D:\\code\\MoodDiary\\entry\\src\\main\\module.json5",{"fileSnapShotHashValue":"993c173c4a65387e9d831c7ca0485dde3b028d2ddef0ef972f3e85bd796a2643"}]]},"_outputFiles":{"dataType":"Map","value":[["D:\\code\\MoodDiary\\entry\\build\\default\\intermediates\\merge_profile\\default\\module.json",{"fileSnapShotHashValue":"d0345f49510d6be0e9c24149924dab60b77b921be2a384180d50c064dda8b8c1"}]]}},":MoodDiary:entry:default@CreateBuildProfile":{"_inputs":[{"dataType":"ValueEntry","value":"{\"_name\":\"BUILTIN_TASK_COMMAND\",\"_value\":\"\",\"_valueType\":\"string\",\"_hash\":\"6c1049eece256c5ecd9a72bb60d260f5eaa0c767e9261531c19a2711a4384caa\"}"},{"dataType":"ValueEntry","value":"{\"_name\":\"BUILTIN_TASK_ENV\",\"_value\":\"\",\"_valueType\":\"string\",\"_hash\":\"fab23d53b4bed861bede91aa55abd54ccbb48f2366122ec79fa9d6a917cab83a\"}"},{"dataType":"ValueEntry","value":"{\"_name\":\"BUILTIN_TASK_TOOLCHAIN\",\"_value\":\"\",\"_valueType\":\"string\",\"_hash\":\"f354d8b3443da1d086e3f8d488045965d1abb7d86e6d7602e63c46d85ae85454\"}"},{"dataType":"ValueEntry","value":"{\"_name\":\"buildMode\",\"_value\":\"Debug\",\"_valueType\":\"string\",\"_hash\":\"e5ca4ddaac7575fd86f22541aff1adda5124dfd5735cfbc8d69a5813341024a2\"}"},{"dataType":"ValueEntry","value":"{\"_name\":\"buildModeName\",\"_value\":\"debug\",\"_valueType\":\"string\",\"_hash\":\"eed88fbd50af6d038f129b1446ece3710f8c3d0a5302679a6fb87ad47253410a\"}"},{"dataType":"ValueEntry","value":"{\"_name\":\"buildProfileFields\",\"_value\":\"\",\"_valueType\":\"string\",\"_hash\":\"c045d039f2ef60e781c590cc5f82f3d6d7f97bbb3b5af5252b100ace8eb332bf\"}"},{"dataType":"ValueEntry","value":"{\"_name\":\"projectOhosConfigAppOpt\",\"_value\":\"\",\"_valueType\":\"string\",\"_hash\":\"31886fe858c1eb45b5d680c019a12d2bebebf813093c3583804d179ae701c5c3\"}"}],"_successful":true,"_projectName":"MoodDiary","_moduleName":"entry","_taskName":"default@CreateBuildProfile","_key":":MoodDiary:entry:default@CreateBuildProfile","_executionId":":MoodDiary:entry:default@CreateBuildProfile:1766708378024","_inputFiles":{"dataType":"Map","value":[["D:\\code\\MoodDiary\\AppScope\\app.json5",{"fileSnapShotHashValue":"31d08e046a307a4f5ca5e4969391c56542df3cb8ee2c637673f2c9fc209ac0d6"}],["D:\\code\\MoodDiary\\build-profile.json5",{"fileSnapShotHashValue":"a0f5bc442ef1281428f8ecb200644761175a546c7eea763321f94f902057fc20"}]]},"_outputFiles":{"dataType":"Map","value":[["D:\\code\\MoodDiary\\entry\\build\\default\\generated\\profile\\default\\BuildProfile.ets",{"fileSnapShotHashValue":"574f11e19a9594090ba76e0e72529de5fa122e7be1a8bd6674e3fda5e138fc4f"}]]}},":MoodDiary:entry:default@GeneratePkgContextInfo":{"_inputs":[{"dataType":"ValueEntry","value":"{\"_name\":\"BUILTIN_TASK_COMMAND\",\"_value\":\"\",\"_valueType\":\"string\",\"_hash\":\"6c1049eece256c5ecd9a72bb60d260f5eaa0c767e9261531c19a2711a4384caa\"}"},{"dataType":"ValueEntry","value":"{\"_name\":\"BUILTIN_TASK_ENV\",\"_value\":\"\",\"_valueType\":\"string\",\"_hash\":\"fab23d53b4bed861bede91aa55abd54ccbb48f2366122ec79fa9d6a917cab83a\"}"},{"dataType":"ValueEntry","value":"{\"_name\":\"BUILTIN_TASK_TOOLCHAIN\",\"_value\":\"\",\"_valueType\":\"string\",\"_hash\":\"f354d8b3443da1d086e3f8d488045965d1abb7d86e6d7602e63c46d85ae85454\"}"},{"dataType":"ValueEntry","value":"{\"_name\":\"pkgContextInfoMap\",\"_value\":\"{\\\"@ohos/hypium\\\":{\\\"packageName\\\":\\\"@ohos/hypium\\\",\\\"bundleName\\\":\\\"\\\",\\\"moduleName\\\":\\\"\\\",\\\"version\\\":\\\"1.0.24\\\",\\\"entryPath\\\":\\\"index.js\\\",\\\"isSO\\\":false,\\\"dependencyAlias\\\":\\\"\\\"},\\\"@ohos/hamock\\\":{\\\"packageName\\\":\\\"@ohos/hamock\\\",\\\"bundleName\\\":\\\"\\\",\\\"moduleName\\\":\\\"\\\",\\\"version\\\":\\\"1.0.0\\\",\\\"entryPath\\\":\\\"index.ets\\\",\\\"isSO\\\":false,\\\"dependencyAlias\\\":\\\"\\\"},\\\"entry\\\":{\\\"packageName\\\":\\\"entry\\\",\\\"bundleName\\\":\\\"\\\",\\\"moduleName\\\":\\\"\\\",\\\"version\\\":\\\"\\\",\\\"entryPath\\\":\\\"src/main/\\\",\\\"isSO\\\":false,\\\"dependencyAlias\\\":\\\"\\\"}}\",\"_valueType\":\"string\",\"_hash\":\"aba659aff71a637ce4f541961504cde8d3768f9cfd2c25d07905307dec7982cb\"}"},{"dataType":"ValueEntry","value":"{\"_name\":\"useNormalizedOHMUrl\",\"_value\":true,\"_valueType\":\"boolean\",\"_hash\":\"0224eeca0e5401fc0c653dbed2bab63ff91b2d1c8e23719fbab4e11e695311d9\"}"}],"_successful":true,"_projectName":"MoodDiary","_moduleName":"entry","_taskName":"default@GeneratePkgContextInfo","_key":":MoodDiary:entry:default@GeneratePkgContextInfo","_executionId":":MoodDiary:entry:default@GeneratePkgContextInfo:1766704833725","_inputFiles":{"dataType":"Map","value":[]},"_outputFiles":{"dataType":"Map","value":[["D:\\code\\MoodDiary\\entry\\build\\default\\intermediates\\loader\\default\\pkgContextInfo.json",{"isDirectory":false,"fileSnapShotHashValue":"9137598b570a35782e84dee20fc7ecdaa9ab043357512e90aa031d915d056b7d"}]]}},":MoodDiary:entry:default@ProcessProfile":{"_inputs":[{"dataType":"ValueEntry","value":"{\"_name\":\"BUILTIN_TASK_COMMAND\",\"_value\":\"\",\"_valueType\":\"string\",\"_hash\":\"6c1049eece256c5ecd9a72bb60d260f5eaa0c767e9261531c19a2711a4384caa\"}"},{"dataType":"ValueEntry","value":"{\"_name\":\"BUILTIN_TASK_ENV\",\"_value\":\"\",\"_valueType\":\"string\",\"_hash\":\"fab23d53b4bed861bede91aa55abd54ccbb48f2366122ec79fa9d6a917cab83a\"}"},{"dataType":"ValueEntry","value":"{\"_name\":\"BUILTIN_TASK_TOOLCHAIN\",\"_value\":\"\",\"_valueType\":\"string\",\"_hash\":\"f354d8b3443da1d086e3f8d488045965d1abb7d86e6d7602e63c46d85ae85454\"}"},{"dataType":"ValueEntry","value":"{\"_name\":\"arkEnable\",\"_value\":true,\"_valueType\":\"boolean\",\"_hash\":\"7b9b15dd1b9fc3e86436218773a6dc9dc99032a90912d6a5212068ffccdf88eb\"}"},{"dataType":"ValueEntry","value":"{\"_name\":\"compatibleSdkVersionStage\",\"_value\":\"\",\"_valueType\":\"string\",\"_hash\":\"599a81d443ce3c73d7590482a735e3d8a65f1189a234a2b3b132d2c337942af6\"}"},{"dataType":"ValueEntry","value":"{\"_name\":\"compileMode\",\"_value\":\"esmodule\",\"_valueType\":\"string\",\"_hash\":\"b252a618b764d3a16946606383b78d4fb15c248889fa7eeaeaf03053cb658f5a\"}"},{"dataType":"ValueEntry","value":"{\"_name\":\"dependency\",\"_value\":\"[]\",\"_valueType\":\"string\",\"_hash\":\"9d1613100177e076da7529c27f37d83c55cc84cdbf3ea8ed9c413dfeab139615\"}"},{"dataType":"ValueEntry","value":"{\"_name\":\"deviceTypes\",\"_value\":[\"phone\"],\"_valueType\":\"object\",\"_hash\":\"ff9c705bd66ebea0c0ee769e3dd2b8613997fae46b2a946c0afb40ddb17f532e\"}"},{"dataType":"ValueEntry","value":"{\"_name\":\"harExcludeHSPDependencies\",\"_valueType\":\"undefined\",\"_hash\":\"331c1752db2c29f99b65f1d0dca12ed8c44c4c83200d526bea1a713724931403\"}"},{"dataType":"ValueEntry","value":"{\"_name\":\"isFakeUIAbilityExists\",\"_value\":false,\"_valueType\":\"boolean\",\"_hash\":\"8fa4cb980c078f05c591462c78d4698c9883955ec5066c75f3c2e9c2d4df22a1\"}"}],"_successful":true,"_projectName":"MoodDiary","_moduleName":"entry","_taskName":"default@ProcessProfile","_key":":MoodDiary:entry:default@ProcessProfile","_executionId":":MoodDiary:entry:default@ProcessProfile:1766708378085","_inputFiles":{"dataType":"Map","value":[["D:\\code\\MoodDiary\\entry\\build\\default\\intermediates\\merge_profile\\default\\module.json",{"fileSnapShotHashValue":"d0345f49510d6be0e9c24149924dab60b77b921be2a384180d50c064dda8b8c1"}]]},"_outputFiles":{"dataType":"Map","value":[["D:\\code\\MoodDiary\\entry\\build\\default\\intermediates\\process_profile\\default\\module.json",{"fileSnapShotHashValue":"fe03052cf032096755541a1a26f38dbac3879baa826d1b4ab3ddff814d7c7a67"}]]}},":MoodDiary:entry:default@ProcessRouterMap":{"_inputs":[{"dataType":"ValueEntry","value":"{\"_name\":\"BUILTIN_TASK_COMMAND\",\"_value\":\"\",\"_valueType\":\"string\",\"_hash\":\"6c1049eece256c5ecd9a72bb60d260f5eaa0c767e9261531c19a2711a4384caa\"}"},{"dataType":"ValueEntry","value":"{\"_name\":\"BUILTIN_TASK_ENV\",\"_value\":\"\",\"_valueType\":\"string\",\"_hash\":\"fab23d53b4bed861bede91aa55abd54ccbb48f2366122ec79fa9d6a917cab83a\"}"},{"dataType":"ValueEntry","value":"{\"_name\":\"BUILTIN_TASK_TOOLCHAIN\",\"_value\":\"\",\"_valueType\":\"string\",\"_hash\":\"f354d8b3443da1d086e3f8d488045965d1abb7d86e6d7602e63c46d85ae85454\"}"},{"dataType":"ValueEntry","value":"{\"_name\":\"byteCodeHar\",\"_value\":false,\"_valueType\":\"boolean\",\"_hash\":\"4a2f0b0a7b1684665f4cfdf556e7849eb7b76fd73c8be3b83a43ccf9022a23dc\"}"},{"dataType":"ValueEntry","value":"{\"_name\":\"obfuscated\",\"_value\":true,\"_valueType\":\"boolean\",\"_hash\":\"63574f7bd39da453b2e948ec0bacfd459aa4c1261de54c243aad1a259378ea39\"}"},{"dataType":"ValueEntry","value":"{\"_name\":\"useNormalizedOHMUrl\",\"_value\":true,\"_valueType\":\"boolean\",\"_hash\":\"0224eeca0e5401fc0c653dbed2bab63ff91b2d1c8e23719fbab4e11e695311d9\"}"}],"_successful":true,"_projectName":"MoodDiary","_moduleName":"entry","_taskName":"default@ProcessRouterMap","_key":":MoodDiary:entry:default@ProcessRouterMap","_executionId":":MoodDiary:entry:default@ProcessRouterMap:1766708378276","_inputFiles":{"dataType":"Map","value":[["D:\\code\\MoodDiary\\entry\\oh-package.json5",{"fileSnapShotHashValue":"7a5555f5d18e23790f6e7152b66049059176036c8eb7a80d43be9954d34b3e18"}],["D:\\code\\MoodDiary\\oh-package.json5",{"fileSnapShotHashValue":"78bb86a03c5345f986e39500c3f8a0cfe004041c70fa43632686c63e293eb9cd"}],["D:\\code\\MoodDiary\\entry\\src\\main\\module.json5",{"fileSnapShotHashValue":"993c173c4a65387e9d831c7ca0485dde3b028d2ddef0ef972f3e85bd796a2643"}],["D:\\code\\MoodDiary\\entry\\build\\default\\intermediates\\loader\\default\\pkgContextInfo.json",{"fileSnapShotHashValue":"9137598b570a35782e84dee20fc7ecdaa9ab043357512e90aa031d915d056b7d"}]]},"_outputFiles":{"dataType":"Map","value":[["D:\\code\\MoodDiary\\entry\\build\\default\\intermediates\\router_map\\default\\temp-router-map.json",{"fileSnapShotHashValue":"9d3c3ff8bd9dfefa3deefe2f9dc6b20a5635ee1a9226962f293ee634281b49ce"}],["D:\\code\\MoodDiary\\entry\\build\\default\\intermediates\\router_map\\default\\loader-router-map.json",{"fileSnapShotHashValue":"bf57294db59dae0f110c88a7fe3710dc88be3ed629b7412683d428bcd983f9f1"}]]}},":MoodDiary:entry:default@ProcessShareConfig":{"_inputs":[{"dataType":"ValueEntry","value":"{\"_name\":\"BUILTIN_TASK_COMMAND\",\"_value\":\"\",\"_valueType\":\"string\",\"_hash\":\"6c1049eece256c5ecd9a72bb60d260f5eaa0c767e9261531c19a2711a4384caa\"}"},{"dataType":"ValueEntry","value":"{\"_name\":\"BUILTIN_TASK_ENV\",\"_value\":\"\",\"_valueType\":\"string\",\"_hash\":\"fab23d53b4bed861bede91aa55abd54ccbb48f2366122ec79fa9d6a917cab83a\"}"},{"dataType":"ValueEntry","value":"{\"_name\":\"BUILTIN_TASK_TOOLCHAIN\",\"_value\":\"\",\"_valueType\":\"string\",\"_hash\":\"f354d8b3443da1d086e3f8d488045965d1abb7d86e6d7602e63c46d85ae85454\"}"}],"_successful":true,"_projectName":"MoodDiary","_moduleName":"entry","_taskName":"default@ProcessShareConfig","_key":":MoodDiary:entry:default@ProcessShareConfig","_executionId":":MoodDiary:entry:default@ProcessShareConfig:1766708378286","_inputFiles":{"dataType":"Map","value":[["D:\\code\\MoodDiary\\entry\\oh-package.json5",{"fileSnapShotHashValue":"7a5555f5d18e23790f6e7152b66049059176036c8eb7a80d43be9954d34b3e18"}],["D:\\code\\MoodDiary\\oh-package.json5",{"fileSnapShotHashValue":"78bb86a03c5345f986e39500c3f8a0cfe004041c70fa43632686c63e293eb9cd"}],["D:\\code\\MoodDiary\\entry\\src\\main\\module.json5",{"fileSnapShotHashValue":"993c173c4a65387e9d831c7ca0485dde3b028d2ddef0ef972f3e85bd796a2643"}],["D:\\code\\MoodDiary\\entry\\build\\default\\intermediates\\loader\\default\\pkgContextInfo.json",{"fileSnapShotHashValue":"9137598b570a35782e84dee20fc7ecdaa9ab043357512e90aa031d915d056b7d"}]]},"_outputFiles":{"dataType":"Map","value":[["D:\\code\\MoodDiary\\entry\\build\\default\\intermediates\\share_config\\default\\temp-share-config.json",{"fileSnapShotHashValue":"7d4cb51655fe56a8b79e38c32157da2dfc1c5c0e4fef8947be3111839d756557"}]]}},":MoodDiary:entry:default@ProcessStartupConfig":{"_inputs":[{"dataType":"ValueEntry","value":"{\"_name\":\"appStartupFileName\",\"_value\":\"\",\"_valueType\":\"string\"}"},{"dataType":"ValueEntry","value":"{\"_name\":\"useNormalizedOHMUrl\",\"_value\":true,\"_valueType\":\"boolean\"}"},{"dataType":"ValueEntry","value":"{\"_name\":\"shouldCollectPreloadSystemSo\",\"_value\":false,\"_valueType\":\"boolean\"}"},{"dataType":"ValueEntry","value":"{\"_name\":\"BUILTIN_TASK_COMMAND\",\"_value\":\"\",\"_valueType\":\"string\"}"},{"dataType":"ValueEntry","value":"{\"_name\":\"BUILTIN_TASK_TOOLCHAIN\",\"_value\":\"\",\"_valueType\":\"string\"}"},{"dataType":"ValueEntry","value":"{\"_name\":\"BUILTIN_TASK_ENV\",\"_value\":\"\",\"_valueType\":\"string\"}"}],"_successful":true,"_projectName":"MoodDiary","_moduleName":"entry","_taskName":"default@ProcessStartupConfig","_key":":MoodDiary:entry:default@ProcessStartupConfig","_executionId":":MoodDiary:entry:default@ProcessStartupConfig:1766726072612","_inputFiles":{"dataType":"Map","value":[["D:\\code\\MoodDiary\\entry\\build\\default\\intermediates\\loader\\default\\pkgContextInfo.json",{"fileSnapShotHashValue":"9137598b570a35782e84dee20fc7ecdaa9ab043357512e90aa031d915d056b7d"}]]},"_outputFiles":{"dataType":"Map","value":[["D:\\code\\MoodDiary\\entry\\build\\default\\intermediates\\startup\\default\\startup_config.json",{"fileSnapShotHashValue":""}]]}},":MoodDiary:entry:default@GenerateLoaderJson":{"_inputs":[{"dataType":"ValueEntry","value":"{\"_name\":\"BUILTIN_TASK_COMMAND\",\"_value\":\"\",\"_valueType\":\"string\",\"_hash\":\"6c1049eece256c5ecd9a72bb60d260f5eaa0c767e9261531c19a2711a4384caa\"}"},{"dataType":"ValueEntry","value":"{\"_name\":\"BUILTIN_TASK_ENV\",\"_value\":\"\",\"_valueType\":\"string\",\"_hash\":\"fab23d53b4bed861bede91aa55abd54ccbb48f2366122ec79fa9d6a917cab83a\"}"},{"dataType":"ValueEntry","value":"{\"_name\":\"BUILTIN_TASK_TOOLCHAIN\",\"_value\":\"\",\"_valueType\":\"string\",\"_hash\":\"f354d8b3443da1d086e3f8d488045965d1abb7d86e6d7602e63c46d85ae85454\"}"},{"dataType":"ValueEntry","value":"{\"_name\":\"anBuildMode\",\"_value\":\"type\",\"_valueType\":\"string\",\"_hash\":\"b6c2cdf83442e0a2e9276b44ad76436c6d0bcc210edecb703114e95a598dc3c3\"}"},{"dataType":"ValueEntry","value":"{\"_name\":\"apPath\",\"_value\":\"D:\\\\code\\\\MoodDiary\\\\entry\\\\modules.ap\",\"_valueType\":\"string\",\"_hash\":\"3acee641a9637d3cf6414463be47b62c9076c24d7c275f388bca15ac980d7da2\"}"},{"dataType":"ValueEntry","value":"{\"_name\":\"appStartupFileName\",\"_value\":\"\",\"_valueType\":\"string\",\"_hash\":\"08d4364dd4e30f366a567cdf729bce6192c7be3a576ec780f3246de4aab394b2\"}"},{"dataType":"ValueEntry","value":"{\"_name\":\"compatibleApiVersion\",\"_value\":13,\"_valueType\":\"number\",\"_hash\":\"95911a614c8f7acafd684857a9282d630456d00a538343ae833b905eb47a7de5\"}"},{"dataType":"ValueEntry","value":"{\"_name\":\"compileApiVersion\",\"_value\":21,\"_valueType\":\"number\",\"_hash\":\"172e07e1335bae92f1242f8a7ae7145e7cc2346411314feb3d79274c65d19671\"}"},{"dataType":"ValueEntry","value":"{\"_name\":\"compileMode\",\"_value\":\"esmodule\",\"_valueType\":\"string\",\"_hash\":\"b252a618b764d3a16946606383b78d4fb15c248889fa7eeaeaf03053cb658f5a\"}"},{"dataType":"ValueEntry","value":"{\"_name\":\"fallbackAnBuild\",\"_value\":false,\"_valueType\":\"boolean\",\"_hash\":\"6f8ed2a511c0bba942d7dcfa03ce73e61df388e1078d8aa764eab1ed2579ffbe\"}"},{"dataType":"ValueEntry","value":"{\"_name\":\"harNameOhmMap\",\"_value\":\"{}\",\"_valueType\":\"string\",\"_hash\":\"acc11cef2aff25c28c5419917e8ca31d827bff2f1f80b5f15bed3075b95d2453\"}"},{"dataType":"ValueEntry","value":"{\"_name\":\"hspNameOhmMap\",\"_value\":\"{}\",\"_valueType\":\"string\",\"_hash\":\"aa81d73257173f0b16a1e81016649a76f0a7185c632329bedc7591c5cd891a26\"}"},{"dataType":"ValueEntry","value":"{\"_name\":\"isBundledDependencies\",\"_value\":false,\"_valueType\":\"boolean\",\"_hash\":\"2a22b42a8504b32b68a8cc4173a9e266e6540a9372bf6553176105f698c20dc2\"}"},{"dataType":"ValueEntry","value":"{\"_name\":\"isByteCodeHar\",\"_value\":false,\"_valueType\":\"boolean\",\"_hash\":\"31aa2831dc8ab7d38bfe1091d4eb58c38ef100d622c96497f4e1c6e12552058f\"}"},{"dataType":"ValueEntry","value":"{\"_name\":\"isByteCodeHarOptimize\",\"_value\":false,\"_valueType\":\"boolean\",\"_hash\":\"765fcc2a093117f1d048b712c99977ad120ee4b32fbeed77fca6f1d07d4b3bc0\"}"},{"dataType":"ValueEntry","value":"{\"_name\":\"isFullCompilationEnabled\",\"_value\":true,\"_valueType\":\"boolean\",\"_hash\":\"bdc425fc76182216717b60e6f66f4259cd2a62ca4644d08b4c942f5424be8abc\"}"},{"dataType":"ValueEntry","value":"{\"_name\":\"isHarWithCoverage\",\"_value\":false,\"_valueType\":\"boolean\",\"_hash\":\"7a6ae2a3f4fb0a66f3dc3df4cb8e5ed15d62ba95343bf2c447c668fc09bd75cd\"}"},{"dataType":"ValueEntry","value":"{\"_name\":\"isOhosTest\",\"_value\":false,\"_valueType\":\"boolean\",\"_hash\":\"de6340d3d0a55dfab74711d2022cbe7a75d555e002e47935640e8115424af634\"}"},{"dataType":"ValueEntry","value":"{\"_name\":\"modulePathMap\",\"_value\":\"{\\\"entry\\\":\\\"D:\\\\\\\\code\\\\\\\\MoodDiary\\\\\\\\entry\\\"}\",\"_valueType\":\"string\",\"_hash\":\"9b222d43bec38b5a7c170017114955c22c0b74245e22f3b2b266c0235c5d09f8\"}"},{"dataType":"ValueEntry","value":"{\"_name\":\"module_dependencies\",\"_value\":\"{}\",\"_valueType\":\"string\",\"_hash\":\"dc42a51d1dfe949cec0fd4528c57600bf4a35bb856351425df468d109bfac523\"}"},{"dataType":"ValueEntry","value":"{\"_name\":\"needSubmitArkTsWidget\",\"_value\":false,\"_valueType\":\"boolean\",\"_hash\":\"b7eb2cc34539dd6a8fc1ccae4b3b043e164f4e8b113031a5fe6444fdb13433e7\"}"},{"dataType":"ValueEntry","value":"{\"_name\":\"nodeModulesPath\",\"_value\":\"D:\\\\code\\\\MoodDiary\\\\entry\\\\build\\\\default\\\\intermediates\\\\loader_out\\\\default\\\\node_modules\",\"_valueType\":\"string\",\"_hash\":\"df6b2bb0a9ef2ddb2ed576439433fbe9c791b2f45d8338511249da1b65de778d\"}"},{"dataType":"ValueEntry","value":"{\"_name\":\"overrides\",\"_valueType\":\"undefined\",\"_hash\":\"76b98eeb6f5b5311e5e4846e8d49c6f29c84b1224760f1658f8089449a1bf5a8\"}"},{"dataType":"ValueEntry","value":"{\"_name\":\"patchConfig\",\"_value\":\"{\\\"changedFileList\\\":\\\"D:\\\\\\\\code\\\\\\\\MoodDiary\\\\\\\\entry\\\\\\\\build\\\\\\\\default\\\\\\\\intermediates\\\\\\\\patch\\\\\\\\default\\\\\\\\changedFileList.json\\\"}\",\"_valueType\":\"string\",\"_hash\":\"04c46e77bb484c596c873d36a15bdc82f9cd697ddf9edd55da26b2dff4d1e928\"}"},{"dataType":"ValueEntry","value":"{\"_name\":\"projectRootPath\",\"_value\":\"D:\\\\code\\\\MoodDiary\",\"_valueType\":\"string\",\"_hash\":\"00f73dfdcd3693e0907050a430f90c88b770570888811da22b127789285f02b6\"}"},{"dataType":"ValueEntry","value":"{\"_name\":\"project_dependencies\",\"_value\":\"{}\",\"_valueType\":\"string\",\"_hash\":\"30e15006623b569eb4f21b8830aba9be052048c8b9bfd50783641fd324aaf508\"}"},{"dataType":"ValueEntry","value":"{\"_name\":\"shouldTreatHarAsHap\",\"_value\":false,\"_valueType\":\"boolean\",\"_hash\":\"9722cc179e8721df3beeeebd7c6023318e49eea338f2c3a57f278c73cb4fa861\"}"},{"dataType":"ValueEntry","value":"{\"_name\":\"targetConfig\",\"_value\":\"{\\\"name\\\":\\\"default\\\"}\",\"_valueType\":\"string\",\"_hash\":\"00edb30e03b595b8e9a369830919ac2710fc4c049774eee6932498b142d1a8ea\"}"},{"dataType":"ValueEntry","value":"{\"_name\":\"useNormalizedOHMUrl\",\"_value\":true,\"_valueType\":\"boolean\",\"_hash\":\"0224eeca0e5401fc0c653dbed2bab63ff91b2d1c8e23719fbab4e11e695311d9\"}"}],"_successful":true,"_projectName":"MoodDiary","_moduleName":"entry","_taskName":"default@GenerateLoaderJson","_key":":MoodDiary:entry:default@GenerateLoaderJson","_executionId":":MoodDiary:entry:default@GenerateLoaderJson:1766708378318","_inputFiles":{"dataType":"Map","value":[["D:\\code\\MoodDiary\\entry\\src\\mock\\mock-config.json5",{"fileSnapShotHashValue":"47cc50f3b6a4b04f092139e71a7090923da17c1aef8f937553fae46499cd29e0"}],["D:\\code\\MoodDiary\\entry\\build\\default\\intermediates\\loader\\default\\pkgContextInfo.json",{"fileSnapShotHashValue":"9137598b570a35782e84dee20fc7ecdaa9ab043357512e90aa031d915d056b7d"}],["D:\\code\\MoodDiary\\entry\\build\\default\\intermediates\\router_map\\default\\temp-router-map.json",{"fileSnapShotHashValue":"9d3c3ff8bd9dfefa3deefe2f9dc6b20a5635ee1a9226962f293ee634281b49ce"}]]},"_outputFiles":{"dataType":"Map","value":[["D:\\code\\MoodDiary\\entry\\build\\default\\intermediates\\loader\\default\\loader.json",{"isDirectory":false,"fileSnapShotHashValue":"173cd2b713b48363e8039f4af3755875ebe76d9f0e72f5f93143a14fc05f6f1e"}]]}},":MoodDiary:entry:default@PreviewCompileResource":{"_inputs":[{"dataType":"ValueEntry","value":"{\"_name\":\"PREVIEWER_REPLACE_PAGE\",\"_valueType\":\"undefined\"}"},{"dataType":"ValueEntry","value":"{\"_name\":\"PREVIEWER_REPLACE_SRCPATH\",\"_valueType\":\"undefined\"}"},{"dataType":"ValueEntry","value":"{\"_name\":\"TARGET_CONFIG\",\"_value\":\"{\\\"name\\\":\\\"default\\\"}\",\"_valueType\":\"string\"}"},{"dataType":"ValueEntry","value":"{\"_name\":\"BUILTIN_TASK_COMMAND\",\"_value\":\"\",\"_valueType\":\"string\"}"},{"dataType":"ValueEntry","value":"{\"_name\":\"BUILTIN_TASK_TOOLCHAIN\",\"_value\":\"D:\\\\software\\\\DevEco Studio\\\\sdk\\\\default\\\\openharmony\\\\toolchains\\\\restool.exe\",\"_valueType\":\"string\"}"},{"dataType":"ValueEntry","value":"{\"_name\":\"BUILTIN_TASK_ENV\",\"_value\":\"\",\"_valueType\":\"string\"}"}],"_successful":true,"_projectName":"MoodDiary","_moduleName":"entry","_taskName":"default@PreviewCompileResource","_key":":MoodDiary:entry:default@PreviewCompileResource","_executionId":":MoodDiary:entry:default@PreviewCompileResource:1766704805477","_inputFiles":{"dataType":"Map","value":[["D:\\code\\MoodDiary\\entry\\src\\main\\resources",{"fileSnapShotHashValue":"ee79e877ffcd0dac1f5e74731f7ddd0f1d98736cb516e90f4f5cf47aa13705aa"}],["D:\\code\\MoodDiary\\entry\\.preview\\default\\intermediates\\merge_profile\\default\\module.json",{"fileSnapShotHashValue":"49a852656995ca978852f5a1c6f354b7108e501e9706085cf9d0b6c2aba0c275"}]]},"_outputFiles":{"dataType":"Map","value":[["D:\\code\\MoodDiary\\entry\\.preview\\default\\intermediates\\res\\default",{"isDirectory":true,"fileSnapShotHashValue":"25d3a3de8849481c66535358fbc65fd64aa127fd3f8d28716de7309b5bfd1599"}],["D:\\code\\MoodDiary\\entry\\.preview\\default\\generated\\r\\default",{"isDirectory":true,"fileSnapShotHashValue":"0d1f3fd0bac4a48f1cca92e41965f6cece9e538e829054b77ee1055b5594ef3f"}]]}},":MoodDiary:entry:default@CopyPreviewProfile":{"_inputs":[{"dataType":"ValueEntry","value":"{\"_name\":\"BUILTIN_TASK_COMMAND\",\"_value\":\"\",\"_valueType\":\"string\"}"},{"dataType":"ValueEntry","value":"{\"_name\":\"BUILTIN_TASK_TOOLCHAIN\",\"_value\":\"\",\"_valueType\":\"string\"}"},{"dataType":"ValueEntry","value":"{\"_name\":\"BUILTIN_TASK_ENV\",\"_value\":\"\",\"_valueType\":\"string\"}"}],"_successful":true,"_projectName":"MoodDiary","_moduleName":"entry","_taskName":"default@CopyPreviewProfile","_key":":MoodDiary:entry:default@CopyPreviewProfile","_executionId":":MoodDiary:entry:default@CopyPreviewProfile:1766704805695","_inputFiles":{"dataType":"Map","value":[["D:\\code\\MoodDiary\\entry\\src\\main\\resources\\base\\profile",{"fileSnapShotHashValue":"44bd79af2d61fa7ccd38af1059943b8e04a9ea09c97bcf4d929b0d12a3d9025d"}]]},"_outputFiles":{"dataType":"Map","value":[["D:\\code\\MoodDiary\\entry\\.preview\\default\\intermediates\\res\\default\\resources\\base\\profile",{"fileSnapShotHashValue":"b2e072fcc5885f69325951dffc837fd98330e53d854fc79a92e3240310d0828b"}]]}},":MoodDiary:entry:default@PreviewUpdateAssets":{"_inputs":[{"dataType":"ValueEntry","value":"{\"_name\":\"previewBuildConfigJson\",\"_value\":\"{\\\"deviceType\\\":\\\"phone\\\",\\\"buildMode\\\":\\\"debug\\\",\\\"note\\\":\\\"false\\\",\\\"logLevel\\\":\\\"3\\\",\\\"isPreview\\\":\\\"true\\\",\\\"checkEntry\\\":\\\"true\\\",\\\"localPropertiesPath\\\":\\\"D:\\\\\\\\code\\\\\\\\MoodDiary\\\\\\\\local.properties\\\",\\\"Path\\\":\\\"D:\\\\\\\\software\\\\\\\\DevEco Studio\\\\\\\\tools\\\\\\\\node\\\\\\\\\\\",\\\"aceProfilePath\\\":\\\"D:\\\\\\\\code\\\\\\\\MoodDiary\\\\\\\\entry\\\\\\\\.preview\\\\\\\\default\\\\\\\\intermediates\\\\\\\\res\\\\\\\\default\\\\\\\\resources\\\\\\\\base\\\\\\\\profile\\\",\\\"hapMode\\\":\\\"false\\\",\\\"img2bin\\\":\\\"true\\\",\\\"projectProfilePath\\\":\\\"D:\\\\\\\\code\\\\\\\\MoodDiary\\\\\\\\build-profile.json5\\\",\\\"watchMode\\\":\\\"true\\\",\\\"appResource\\\":\\\"D:\\\\\\\\code\\\\\\\\MoodDiary\\\\\\\\entry\\\\\\\\.preview\\\\\\\\default\\\\\\\\intermediates\\\\\\\\res\\\\\\\\default\\\\\\\\ResourceTable.txt\\\",\\\"aceBuildJson\\\":\\\"D:\\\\\\\\code\\\\\\\\MoodDiary\\\\\\\\entry\\\\\\\\.preview\\\\\\\\default\\\\\\\\intermediates\\\\\\\\loader\\\\\\\\default\\\\\\\\loader.json\\\",\\\"aceModuleRoot\\\":\\\"D:\\\\\\\\code\\\\\\\\MoodDiary\\\\\\\\entry\\\\\\\\src\\\\\\\\main\\\\\\\\ets\\\",\\\"aceSoPath\\\":\\\"D:\\\\\\\\code\\\\\\\\MoodDiary\\\\\\\\entry\\\\\\\\.preview\\\\\\\\cache\\\\\\\\nativeDependencies.txt\\\",\\\"cachePath\\\":\\\"D:\\\\\\\\code\\\\\\\\MoodDiary\\\\\\\\entry\\\\\\\\.preview\\\\\\\\cache\\\\\\\\.default\\\",\\\"aceModuleBuild\\\":\\\"D:\\\\\\\\code\\\\\\\\MoodDiary\\\\\\\\entry\\\\\\\\.preview\\\\\\\\default\\\\\\\\intermediates\\\\\\\\assets\\\\\\\\default\\\\\\\\ets\\\",\\\"aceModuleJsonPath\\\":\\\"D:\\\\\\\\code\\\\\\\\MoodDiary\\\\\\\\entry\\\\\\\\.preview\\\\\\\\default\\\\\\\\intermediates\\\\\\\\res\\\\\\\\default\\\\\\\\module.json\\\",\\\"stageRouterConfig\\\":{\\\"paths\\\":[\\\"D:\\\\\\\\code\\\\\\\\MoodDiary\\\\\\\\entry\\\\\\\\.preview\\\\\\\\default\\\\\\\\intermediates\\\\\\\\res\\\\\\\\default\\\\\\\\module.json\\\",\\\"D:\\\\\\\\code\\\\\\\\MoodDiary\\\\\\\\entry\\\\\\\\.preview\\\\\\\\default\\\\\\\\intermediates\\\\\\\\res\\\\\\\\default\\\\\\\\resources\\\\\\\\base\\\\\\\\profile\\\\\\\\main_pages.json\\\"],\\\"contents\\\":[\\\"{\\\\\\\"module\\\\\\\":{\\\\\\\"pages\\\\\\\":\\\\\\\"$profile:main_pages\\\\\\\",\\\\\\\"name\\\\\\\":\\\\\\\"entry\\\\\\\"}}\\\",\\\"{\\\\\\\"src\\\\\\\":[\\\\\\\"pages/Index\\\\\\\",\\\\\\\"pages/MoodHistory\\\\\\\"]}\\\"]}}\",\"_valueType\":\"string\"}"},{"dataType":"ValueEntry","value":"{\"_name\":\"BUILTIN_TASK_COMMAND\",\"_value\":\"\",\"_valueType\":\"string\"}"},{"dataType":"ValueEntry","value":"{\"_name\":\"BUILTIN_TASK_TOOLCHAIN\",\"_value\":\"\",\"_valueType\":\"string\"}"},{"dataType":"ValueEntry","value":"{\"_name\":\"BUILTIN_TASK_ENV\",\"_value\":\"\",\"_valueType\":\"string\"}"}],"_successful":true,"_projectName":"MoodDiary","_moduleName":"entry","_taskName":"default@PreviewUpdateAssets","_key":":MoodDiary:entry:default@PreviewUpdateAssets","_executionId":":MoodDiary:entry:default@PreviewUpdateAssets:1766704805708","_inputFiles":{"dataType":"Map","value":[]},"_outputFiles":{"dataType":"Map","value":[["D:\\code\\MoodDiary\\entry\\.preview\\default\\intermediates\\res\\default\\module.json",{"isDirectory":false,"fileSnapShotHashValue":"0f7e9c803c10ebdf3b879ef17bd84ab81362407dcf316db4f21fcbe6a2face40"}],["D:\\code\\MoodDiary\\entry\\.preview\\default\\intermediates\\res\\default\\resources\\base\\profile\\main_pages.json",{"isDirectory":false,"fileSnapShotHashValue":"2ef2e7f272d1319c116f2d149d8cf05a0ced770b28f5c2ba0c1550c56346adbf"}]]}},":MoodDiary:entry:default@PreviewArkTS":{"_inputs":[{"dataType":"ValueEntry","value":"{\"_name\":\"debuggable\",\"_value\":true,\"_valueType\":\"boolean\"}"},{"dataType":"ValueEntry","value":"{\"_name\":\"isArk\",\"_value\":true,\"_valueType\":\"boolean\"}"},{"dataType":"ValueEntry","value":"{\"_name\":\"needCoverageInsert\",\"_value\":false,\"_valueType\":\"boolean\"}"},{"dataType":"ValueEntry","value":"{\"_name\":\"ark.tsImportSendable\",\"_value\":false,\"_valueType\":\"boolean\"}"},{"dataType":"ValueEntry","value":"{\"_name\":\"customTypes\",\"_value\":[],\"_valueType\":\"object\"}"},{"dataType":"ValueEntry","value":"{\"_name\":\"isByteCodeHarOptimize\",\"_value\":false,\"_valueType\":\"boolean\"}"},{"dataType":"ValueEntry","value":"{\"_name\":\"caseSensitiveCheck\",\"_value\":true,\"_valueType\":\"boolean\"}"},{"dataType":"ValueEntry","value":"{\"_name\":\"useNormalizedOHMUrl\",\"_value\":true,\"_valueType\":\"boolean\"}"},{"dataType":"ValueEntry","value":"{\"_name\":\"transformLib\",\"_value\":\"\",\"_valueType\":\"string\"}"},{"dataType":"ValueEntry","value":"{\"_name\":\"compatibleSdkVersionStage\",\"_value\":\"\",\"_valueType\":\"string\"}"},{"dataType":"ValueEntry","value":"{\"_name\":\"skipOhModulesLint\",\"_value\":false,\"_valueType\":\"boolean\"}"},{"dataType":"ValueEntry","value":"{\"_name\":\"autoLazyImport\",\"_value\":false,\"_valueType\":\"boolean\"}"},{"dataType":"ValueEntry","value":"{\"_name\":\"allowEmptyBundleName\",\"_value\":false,\"_valueType\":\"boolean\"}"},{"dataType":"ValueEntry","value":"{\"_name\":\"reExportCheckMode\",\"_value\":\"noCheck\",\"_valueType\":\"string\"}"},{"dataType":"ValueEntry","value":"{\"_name\":\"executionMode\",\"_value\":\"memory\",\"_valueType\":\"string\"}"},{"dataType":"ValueEntry","value":"{\"_name\":\"usePathPlaceholder\",\"_value\":false,\"_valueType\":\"boolean\"}"},{"dataType":"ValueEntry","value":"{\"_name\":\"writeRollupCache\",\"_value\":true,\"_valueType\":\"boolean\"}"},{"dataType":"ValueEntry","value":"{\"_name\":\"isExpandImportEnabled\",\"_value\":false,\"_valueType\":\"boolean\"}"},{"dataType":"ValueEntry","value":"{\"_name\":\"expandImportExclude\",\"_value\":\"\",\"_valueType\":\"string\"}"},{"dataType":"ValueEntry","value":"{\"_name\":\"lazyImportExclude\",\"_value\":\"\",\"_valueType\":\"string\"}"},{"dataType":"ValueEntry","value":"{\"_name\":\"lazyImportInclude\",\"_value\":\"\",\"_valueType\":\"string\"}"},{"dataType":"ValueEntry","value":"{\"_name\":\"ignoreCrossplatformCheck\",\"_value\":false,\"_valueType\":\"boolean\"}"},{"dataType":"ValueEntry","value":"{\"_name\":\"isHarDeduplicateEnabled\",\"_value\":false,\"_valueType\":\"boolean\"}"},{"dataType":"ValueEntry","value":"{\"_name\":\"enableStrictCheckOHModule\",\"_value\":false,\"_valueType\":\"boolean\"}"},{"dataType":"ValueEntry","value":"{\"_name\":\"useDeclarationFileSignature\",\"_value\":false,\"_valueType\":\"boolean\"}"},{"dataType":"ValueEntry","value":"{\"_name\":\"isPreloadSoEnabled\",\"_value\":false,\"_valueType\":\"boolean\"}"},{"dataType":"ValueEntry","value":"{\"_name\":\"arkTsWdiget\",\"_value\":false,\"_valueType\":\"boolean\"}"},{"dataType":"ValueEntry","value":"{\"_name\":\"OBFUSCATION_ENABLE\",\"_value\":\"undefined\",\"_valueType\":\"string\"}"},{"dataType":"ValueEntry","value":"{\"_name\":\"OBFUSCATION_FILES_HASH\",\"_value\":\"\",\"_valueType\":\"string\"}"},{"dataType":"ValueEntry","value":"{\"_name\":\"maxFlowDepth\",\"_value\":\"undefined\",\"_valueType\":\"string\"}"},{"dataType":"ValueEntry","value":"{\"_name\":\"noExternalImportByPath\",\"_value\":true,\"_valueType\":\"boolean\"}"},{"dataType":"ValueEntry","value":"{\"_name\":\"copyCodeResourceEnable\",\"_value\":false,\"_valueType\":\"boolean\"}"},{"dataType":"ValueEntry","value":"{\"_name\":\"ohos.uiTransform.Optimization\",\"_value\":false,\"_valueType\":\"boolean\"}"},{"dataType":"ValueEntry","value":"{\"_name\":\"ohos.rollupCache.useSourceHash\",\"_value\":false,\"_valueType\":\"boolean\"}"},{"dataType":"ValueEntry","value":"{\"_name\":\"localModuleParamMap\",\"_value\":\"{}\",\"_valueType\":\"string\"}"},{"dataType":"ValueEntry","value":"{\"_name\":\"autoLazyFilter\",\"_value\":\"\",\"_valueType\":\"string\"}"},{"dataType":"ValueEntry","value":"{\"_name\":\"BUILTIN_TASK_COMMAND\",\"_value\":\"\",\"_valueType\":\"string\"}"},{"dataType":"ValueEntry","value":"{\"_name\":\"BUILTIN_TASK_TOOLCHAIN\",\"_value\":\"\",\"_valueType\":\"string\"}"},{"dataType":"ValueEntry","value":"{\"_name\":\"BUILTIN_TASK_ENV\",\"_value\":\"\",\"_valueType\":\"string\"}"}],"_successful":true,"_projectName":"MoodDiary","_moduleName":"entry","_taskName":"default@PreviewArkTS","_key":":MoodDiary:entry:default@PreviewArkTS","_executionId":":MoodDiary:entry:default@PreviewArkTS:1766704805717","_inputFiles":{"dataType":"Map","value":[["D:\\code\\MoodDiary\\entry\\.preview\\default\\intermediates\\loader\\default",{"isDirectory":true,"fileSnapShotHashValue":"c9ce9a94b63164910d03f8ced16e833d2163450f6f141a68817b230c5a983d60"}],["D:\\code\\MoodDiary\\entry\\.preview\\default\\intermediates\\res\\default\\ResourceTable.txt",{"fileSnapShotHashValue":"261b725ff6ddcd36a16988713330a9e79a2047a736665e2aec833948996a9813"}],["D:\\code\\MoodDiary\\entry\\.preview\\default\\intermediates\\process_profile\\default\\module.json",{"fileSnapShotHashValue":"6d1077624d2f127fed5475916ce899983c44ad01f108d86baa88bf2c11ae35c1"}],["D:\\code\\MoodDiary\\entry\\.preview\\default\\intermediates\\res\\default\\resources\\base\\profile",{"isDirectory":true,"fileSnapShotHashValue":"b2e072fcc5885f69325951dffc837fd98330e53d854fc79a92e3240310d0828b"}],["D:\\code\\MoodDiary\\entry\\src\\main\\ets",{"isDirectory":true,"fileSnapShotHashValue":"63555ee4a78a9187a28cb13924a25289e3b0b7be8647ed6b41a808a8a24df355"}],["D:\\code\\MoodDiary\\entry\\.preview\\default\\intermediates\\loader\\default\\pkgContextInfo.json",{"fileSnapShotHashValue":"5256a82464e756a4a42f7e93aaf2245cab4526831dba32ef82781ad06d53bde2"}],["D:\\code\\MoodDiary\\entry\\.preview\\default\\generated\\profile\\default\\BuildProfile.ets",{"fileSnapShotHashValue":"8d14928c07055c656f3a9b8ac9f37b80378e7db14fb8d9a6d471b236f69ce08e"}],["D:\\code\\MoodDiary\\entry\\src\\mock\\mock-config.json5",{"isDirectory":false,"fileSnapShotHashValue":"47cc50f3b6a4b04f092139e71a7090923da17c1aef8f937553fae46499cd29e0"}]]},"_outputFiles":{"dataType":"Map","value":[["D:\\code\\MoodDiary\\entry\\.preview\\default\\intermediates\\loader_out\\default\\ets",{"isDirectory":true,"fileSnapShotHashValue":""}]]}},":MoodDiary:entry:default@GenerateMetadata":{"_inputs":[{"dataType":"ValueEntry","value":"{\"_name\":\"BUILTIN_TASK_COMMAND\",\"_value\":\"\",\"_valueType\":\"string\",\"_hash\":\"6c1049eece256c5ecd9a72bb60d260f5eaa0c767e9261531c19a2711a4384caa\"}"},{"dataType":"ValueEntry","value":"{\"_name\":\"BUILTIN_TASK_ENV\",\"_value\":\"\",\"_valueType\":\"string\",\"_hash\":\"fab23d53b4bed861bede91aa55abd54ccbb48f2366122ec79fa9d6a917cab83a\"}"},{"dataType":"ValueEntry","value":"{\"_name\":\"BUILTIN_TASK_TOOLCHAIN\",\"_value\":\"\",\"_valueType\":\"string\",\"_hash\":\"f354d8b3443da1d086e3f8d488045965d1abb7d86e6d7602e63c46d85ae85454\"}"},{"dataType":"ValueEntry","value":"{\"_name\":\"artifactName\",\"_value\":\"\",\"_valueType\":\"string\",\"_hash\":\"83695c4a9aeeecff80241c7739fb4858fbd92eee38a63a48e9abc62df8327edb\"}"},{"dataType":"ValueEntry","value":"{\"_name\":\"isSigned\",\"_value\":false,\"_valueType\":\"boolean\",\"_hash\":\"049b5033138d5af3ba0f2b57ef67b23b56dc83fa0d41843418bae22b2df6770b\"}"},{"dataType":"ValueEntry","value":"{\"_name\":\"relatedEntryModules\",\"_value\":\"\",\"_valueType\":\"string\",\"_hash\":\"72c4b1665c5896b02fa9b3f992e3ce78eefc5d0a7a14e5c60fd74172282780ff\"}"},{"dataType":"ValueEntry","value":"{\"_name\":\"remoteHspMetaData\",\"_value\":\"\",\"_valueType\":\"string\",\"_hash\":\"a5bfa161987bd54bfe3921d933d3ab72f30023b9433005ef1e57f1715c4d2176\"}"},{"dataType":"ValueEntry","value":"{\"_name\":\"targetDeviceType\",\"_value\":[\"phone\"],\"_valueType\":\"object\",\"_hash\":\"3a8173a84b04e1a25f299292f99416f5987d235eb669c8ecd2f590f759589d95\"}"}],"_successful":true,"_projectName":"MoodDiary","_moduleName":"entry","_taskName":"default@GenerateMetadata","_key":":MoodDiary:entry:default@GenerateMetadata","_executionId":":MoodDiary:entry:default@GenerateMetadata:1766708378007","_inputFiles":{"dataType":"Map","value":[["D:\\code\\MoodDiary\\entry\\src\\main\\module.json5",{"fileSnapShotHashValue":"993c173c4a65387e9d831c7ca0485dde3b028d2ddef0ef972f3e85bd796a2643"}]]},"_outputFiles":{"dataType":"Map","value":[["D:\\code\\MoodDiary\\entry\\build\\default\\intermediates\\hap_metadata\\default\\output_metadata.json",{"fileSnapShotHashValue":"bf97d6ede9166afdd91c77a12308e189a3eed0aafe308ec054da33a00da533e1"}]]}},":MoodDiary:entry:default@ProcessIntegratedHsp":{"_inputs":[{"dataType":"ValueEntry","value":"{\"_name\":\"bundleName\",\"_value\":\"com.example.mooddiary\",\"_valueType\":\"string\"}"},{"dataType":"ValueEntry","value":"{\"_name\":\"versionCode\",\"_value\":1000000,\"_valueType\":\"number\"}"},{"dataType":"ValueEntry","value":"{\"_name\":\"BUILTIN_TASK_COMMAND\",\"_value\":\"\",\"_valueType\":\"string\"}"},{"dataType":"ValueEntry","value":"{\"_name\":\"BUILTIN_TASK_TOOLCHAIN\",\"_value\":\"\",\"_valueType\":\"string\"}"},{"dataType":"ValueEntry","value":"{\"_name\":\"BUILTIN_TASK_ENV\",\"_value\":\"\",\"_valueType\":\"string\"}"}],"_successful":true,"_projectName":"MoodDiary","_moduleName":"entry","_taskName":"default@ProcessIntegratedHsp","_key":":MoodDiary:entry:default@ProcessIntegratedHsp","_executionId":":MoodDiary:entry:default@ProcessIntegratedHsp:1766726072584","_inputFiles":{"dataType":"Map","value":[]},"_outputFiles":{"dataType":"Map","value":[["D:\\code\\MoodDiary\\build\\cache\\default\\integrated_hsp\\integratedHspCache.json",{"isDirectory":false,"fileSnapShotHashValue":""}]]}},":MoodDiary:entry:default@MakePackInfo":{"_inputs":[{"dataType":"ValueEntry","value":"{\"_name\":\"BUILTIN_TASK_COMMAND\",\"_value\":\"\",\"_valueType\":\"string\",\"_hash\":\"6c1049eece256c5ecd9a72bb60d260f5eaa0c767e9261531c19a2711a4384caa\"}"},{"dataType":"ValueEntry","value":"{\"_name\":\"BUILTIN_TASK_ENV\",\"_value\":\"\",\"_valueType\":\"string\",\"_hash\":\"fab23d53b4bed861bede91aa55abd54ccbb48f2366122ec79fa9d6a917cab83a\"}"},{"dataType":"ValueEntry","value":"{\"_name\":\"BUILTIN_TASK_TOOLCHAIN\",\"_value\":\"\",\"_valueType\":\"string\",\"_hash\":\"f354d8b3443da1d086e3f8d488045965d1abb7d86e6d7602e63c46d85ae85454\"}"},{"dataType":"ValueEntry","value":"{\"_name\":\"appResOpt\",\"_value\":\"{\\\"app\\\":{\\\"bundleName\\\":\\\"com.example.mooddiary\\\",\\\"vendor\\\":\\\"example\\\",\\\"versionCode\\\":1000000,\\\"versionName\\\":\\\"1.0.0\\\",\\\"icon\\\":\\\"$media:app_icon\\\",\\\"label\\\":\\\"$string:app_name\\\"}}\",\"_valueType\":\"string\",\"_hash\":\"c0f5efef63ab2c171f45bbd549c676fa3f0213afe9ca25cda756605df23fddfd\"}"},{"dataType":"ValueEntry","value":"{\"_name\":\"compatibleSdkVersion\",\"_value\":13,\"_valueType\":\"number\",\"_hash\":\"bbb899535e43e0fecf3076a2fefdaf472af8878574fa9288aebfb18f105a52cc\"}"},{"dataType":"ValueEntry","value":"{\"_name\":\"compileSdkVersion\",\"_value\":21,\"_valueType\":\"number\",\"_hash\":\"afed48637822e116d0c98dd24d0955b76d9c6857b48abebbad24ee85eff9a07f\"}"},{"dataType":"ValueEntry","value":"{\"_name\":\"deviceTypes\",\"_value\":[\"phone\"],\"_valueType\":\"object\",\"_hash\":\"ff9c705bd66ebea0c0ee769e3dd2b8613997fae46b2a946c0afb40ddb17f532e\"}"},{"dataType":"ValueEntry","value":"{\"_name\":\"integratedHsp\",\"_value\":false,\"_valueType\":\"boolean\",\"_hash\":\"ab7ebc56ff53ba733fc5e60a1c0e16725afa0b21d0966f7b50cce78a02e48d74\"}"},{"dataType":"ValueEntry","value":"{\"_name\":\"moduleJsonOpt\",\"_value\":\"{\\\"module\\\":{\\\"name\\\":\\\"entry\\\",\\\"type\\\":\\\"entry\\\",\\\"description\\\":\\\"$string:module_desc\\\",\\\"mainElement\\\":\\\"EntryAbility\\\",\\\"deviceTypes\\\":[\\\"phone\\\"],\\\"deliveryWithInstall\\\":true,\\\"pages\\\":\\\"$profile:main_pages\\\",\\\"abilities\\\":[{\\\"name\\\":\\\"EntryAbility\\\",\\\"srcEntry\\\":\\\"./ets/entryability/EntryAbility.ets\\\",\\\"description\\\":\\\"$string:EntryAbility_desc\\\",\\\"icon\\\":\\\"$media:app_icon\\\",\\\"label\\\":\\\"$string:EntryAbility_label\\\",\\\"startWindowIcon\\\":\\\"$media:startIcon\\\",\\\"startWindowBackground\\\":\\\"$color:start_window_background\\\",\\\"exported\\\":true,\\\"skills\\\":[{\\\"entities\\\":[\\\"entity.system.home\\\"],\\\"actions\\\":[\\\"ohos.want.action.home\\\"]}]}],\\\"extensionAbilities\\\":[{\\\"name\\\":\\\"EntryBackupAbility\\\",\\\"srcEntry\\\":\\\"./ets/entrybackupability/EntryBackupAbility.ets\\\",\\\"type\\\":\\\"backup\\\",\\\"exported\\\":false,\\\"metadata\\\":[{\\\"name\\\":\\\"ohos.extension.backup\\\",\\\"resource\\\":\\\"$profile:backup_config\\\"}]}]}}\",\"_valueType\":\"string\",\"_hash\":\"dfb0b52a29930e01a7827494f58e7ba4d60a4803e179eb16feb2ae1061870045\"}"},{"dataType":"ValueEntry","value":"{\"_name\":\"projectConfigAppOpt\",\"_valueType\":\"undefined\",\"_hash\":\"690bf99bac27c7294cc7056baecf9d1f5996393f344fda6ad83f08f971cfc658\"}"},{"dataType":"ValueEntry","value":"{\"_name\":\"releaseType\",\"_value\":\"Release\",\"_valueType\":\"string\",\"_hash\":\"f9d0b6fb1c4b29b9f08a909bbe00e8b5aa50d5eaf9eb1d05491d02351d827df1\"}"}],"_successful":true,"_projectName":"MoodDiary","_moduleName":"entry","_taskName":"default@MakePackInfo","_key":":MoodDiary:entry:default@MakePackInfo","_executionId":":MoodDiary:entry:default@MakePackInfo:1766708378069","_inputFiles":{"dataType":"Map","value":[["D:\\code\\MoodDiary\\AppScope\\app.json5",{"fileSnapShotHashValue":"31d08e046a307a4f5ca5e4969391c56542df3cb8ee2c637673f2c9fc209ac0d6"}],["D:\\code\\MoodDiary\\entry\\src\\main\\module.json5",{"fileSnapShotHashValue":"993c173c4a65387e9d831c7ca0485dde3b028d2ddef0ef972f3e85bd796a2643"}],["D:\\code\\MoodDiary\\build-profile.json5",{"fileSnapShotHashValue":"a0f5bc442ef1281428f8ecb200644761175a546c7eea763321f94f902057fc20"}],["D:\\code\\MoodDiary\\entry\\src\\main\\resources\\base\\profile\\backup_config.json",{"fileSnapShotHashValue":"a0f34b7b3ddee25c820c0fb0c0bf7dbf964af24165e087d38510ee81a4464be5"}]]},"_outputFiles":{"dataType":"Map","value":[["D:\\code\\MoodDiary\\entry\\build\\default\\outputs\\default\\pack.info",{"fileSnapShotHashValue":"b16b4dd409fde251dc16feb55332b9b9b5451446b0a0b3907c0e8ce9243023a0"}]]}},":MoodDiary:entry:default@SyscapTransform":{"_inputs":[{"dataType":"ValueEntry","value":"{\"_name\":\"deviceTypes\",\"_value\":[\"phone\"],\"_valueType\":\"object\"}"},{"dataType":"ValueEntry","value":"{\"_name\":\"BUILTIN_TASK_COMMAND\",\"_value\":\"\",\"_valueType\":\"string\"}"},{"dataType":"ValueEntry","value":"{\"_name\":\"BUILTIN_TASK_TOOLCHAIN\",\"_value\":\"\",\"_valueType\":\"string\"}"},{"dataType":"ValueEntry","value":"{\"_name\":\"BUILTIN_TASK_ENV\",\"_value\":\"\",\"_valueType\":\"string\"}"}],"_successful":true,"_projectName":"MoodDiary","_moduleName":"entry","_taskName":"default@SyscapTransform","_key":":MoodDiary:entry:default@SyscapTransform","_executionId":":MoodDiary:entry:default@SyscapTransform:1766726072595","_inputFiles":{"dataType":"Map","value":[["D:\\software\\DevEco Studio\\sdk\\default\\openharmony\\toolchains\\syscap_tool.exe",{"fileSnapShotHashValue":"b95d766cad5c9221c71d16029441d991e07310b0f9a76bcc1263ab852374e57f"}],["D:\\software\\DevEco Studio\\sdk\\default\\openharmony\\ets\\api\\device-define",{"fileSnapShotHashValue":"35d3a948a8afc53d8cbdb3f6e8c7827f4983c2d5bbc9ff3667bca9770932bf8a"}]]},"_outputFiles":{"dataType":"Map","value":[["D:\\code\\MoodDiary\\entry\\build\\default\\intermediates\\syscap\\default\\rpcid.sc",{"fileSnapShotHashValue":""}]]}},":MoodDiary:entry:default@ProcessResource":{"_inputs":[{"dataType":"ValueEntry","value":"{\"_name\":\"BUILTIN_TASK_COMMAND\",\"_value\":\"\",\"_valueType\":\"string\",\"_hash\":\"6c1049eece256c5ecd9a72bb60d260f5eaa0c767e9261531c19a2711a4384caa\"}"},{"dataType":"ValueEntry","value":"{\"_name\":\"BUILTIN_TASK_ENV\",\"_value\":\"\",\"_valueType\":\"string\",\"_hash\":\"fab23d53b4bed861bede91aa55abd54ccbb48f2366122ec79fa9d6a917cab83a\"}"},{"dataType":"ValueEntry","value":"{\"_name\":\"BUILTIN_TASK_TOOLCHAIN\",\"_value\":\"\",\"_valueType\":\"string\",\"_hash\":\"f354d8b3443da1d086e3f8d488045965d1abb7d86e6d7602e63c46d85ae85454\"}"},{"dataType":"ValueEntry","value":"{\"_name\":\"D:\\\\code\\\\MoodDiary\\\\entry\\\\build\\\\default\\\\intermediates\\\\res\\\\default\\\\opt-compression.json\",\"_value\":\"{\\\"context\\\":{\\\"extensionPath\\\":\\\"D:\\\\\\\\software\\\\\\\\DevEco Studio\\\\\\\\sdk\\\\\\\\default\\\\\\\\hms\\\\\\\\toolchains\\\\\\\\lib\\\\\\\\libimage_transcoder_shared.dll\\\"},\\\"compression\\\":{\\\"media\\\":{\\\"enable\\\":false},\\\"filters\\\":[]}}\",\"_valueType\":\"string\",\"_hash\":\"1ae672e8b575f7ebcd56c71aec2e282acb8e7e8aaec7fa4eaa726f5c5b8a4a12\"}"},{"dataType":"ValueEntry","value":"{\"_name\":\"ignoreResourcePattern\",\"_value\":\"\",\"_valueType\":\"string\",\"_hash\":\"fa8a2bf7e8701fa08ecd49defdde15eba74e0f6f1c0edd32f96fec2db98c287d\"}"},{"dataType":"ValueEntry","value":"{\"_name\":\"includeAppScopeRes\",\"_value\":\"\",\"_valueType\":\"string\",\"_hash\":\"3c2a9052be609669b88b444d06b45b9cd9aa9bdbc5c549cf890a3bd37fc58d60\"}"},{"dataType":"ValueEntry","value":"{\"_name\":\"resConfigJsonContent\",\"_value\":\"{\\\"configPath\\\":\\\"D:\\\\\\\\code\\\\\\\\MoodDiary\\\\\\\\entry\\\\\\\\build\\\\\\\\default\\\\\\\\intermediates\\\\\\\\process_profile\\\\\\\\default\\\\\\\\module.json\\\",\\\"packageName\\\":\\\"com.example.mooddiary\\\",\\\"output\\\":\\\"D:\\\\\\\\code\\\\\\\\MoodDiary\\\\\\\\entry\\\\\\\\build\\\\\\\\default\\\\\\\\intermediates\\\\\\\\res\\\\\\\\default\\\",\\\"moduleNames\\\":\\\"entry\\\",\\\"ResourceTable\\\":[\\\"D:\\\\\\\\code\\\\\\\\MoodDiary\\\\\\\\entry\\\\\\\\build\\\\\\\\default\\\\\\\\generated\\\\\\\\r\\\\\\\\default\\\\\\\\ResourceTable.h\\\"],\\\"applicationResource\\\":\\\"D:\\\\\\\\code\\\\\\\\MoodDiary\\\\\\\\AppScope\\\\\\\\resources\\\",\\\"moduleResources\\\":[\\\"D:\\\\\\\\code\\\\\\\\MoodDiary\\\\\\\\entry\\\\\\\\src\\\\\\\\main\\\\\\\\resources\\\"],\\\"dependencies\\\":[],\\\"iconCheck\\\":true,\\\"ids\\\":\\\"D:\\\\\\\\code\\\\\\\\MoodDiary\\\\\\\\entry\\\\\\\\build\\\\\\\\default\\\\\\\\intermediates\\\\\\\\res\\\\\\\\default\\\\\\\\ids_map\\\",\\\"definedIds\\\":\\\"D:\\\\\\\\code\\\\\\\\MoodDiary\\\\\\\\entry\\\\\\\\build\\\\\\\\default\\\\\\\\intermediates\\\\\\\\res\\\\\\\\default\\\\\\\\ids_map\\\\\\\\id_defined.json\\\",\\\"definedSysIds\\\":\\\"D:\\\\\\\\software\\\\\\\\DevEco Studio\\\\\\\\sdk\\\\\\\\default\\\\\\\\hms\\\\\\\\toolchains\\\\\\\\id_defined.json\\\"}\",\"_valueType\":\"string\",\"_hash\":\"491fcd8e8f69f109acde23afffcdc6c04392f8eb7a12a5e1bc415bd31ec75193\"}"},{"dataType":"ValueEntry","value":"{\"_name\":\"resource_str\",\"_value\":false,\"_valueType\":\"boolean\",\"_hash\":\"9a11b63a88a050aea92ebf0b9b95f6e60d441fcbadd1c0a4a4e8470f9b9fa1e3\"}"}],"_successful":true,"_projectName":"MoodDiary","_moduleName":"entry","_taskName":"default@ProcessResource","_key":":MoodDiary:entry:default@ProcessResource","_executionId":":MoodDiary:entry:default@ProcessResource:1766704833857","_inputFiles":{"dataType":"Map","value":[]},"_outputFiles":{"dataType":"Map","value":[["D:\\code\\MoodDiary\\entry\\build\\default\\intermediates\\res\\default\\resConfig.json",{"isDirectory":false,"fileSnapShotHashValue":"2526729f3dfd90c53550b8d6bbac440771af49a6a0ef633636c1e123bc7f8892"}],["D:\\code\\MoodDiary\\entry\\build\\default\\intermediates\\res\\default\\opt-compression.json",{"isDirectory":false,"fileSnapShotHashValue":"6f54632aafdce299ea0455e0de400df91b35b48a64cdc58bc601552878038b75"}]]}},":MoodDiary:entry:default@ProcessLibs":{"_inputs":[{"dataType":"ValueEntry","value":"{\"_name\":\"BUILTIN_TASK_COMMAND\",\"_value\":\"\",\"_valueType\":\"string\",\"_hash\":\"6c1049eece256c5ecd9a72bb60d260f5eaa0c767e9261531c19a2711a4384caa\"}"},{"dataType":"ValueEntry","value":"{\"_name\":\"BUILTIN_TASK_ENV\",\"_value\":\"\",\"_valueType\":\"string\",\"_hash\":\"fab23d53b4bed861bede91aa55abd54ccbb48f2366122ec79fa9d6a917cab83a\"}"},{"dataType":"ValueEntry","value":"{\"_name\":\"BUILTIN_TASK_TOOLCHAIN\",\"_value\":\"\",\"_valueType\":\"string\",\"_hash\":\"f354d8b3443da1d086e3f8d488045965d1abb7d86e6d7602e63c46d85ae85454\"}"},{"dataType":"ValueEntry","value":"{\"_name\":\"excludeFromHar\",\"_value\":true,\"_valueType\":\"boolean\",\"_hash\":\"6df8c70e1286b558ff469defa1217f7ab51015a20dce3ca94cf8685c9537866d\"}"},{"dataType":"ValueEntry","value":"{\"_name\":\"isBundledDependencies\",\"_value\":false,\"_valueType\":\"boolean\",\"_hash\":\"2a22b42a8504b32b68a8cc4173a9e266e6540a9372bf6553176105f698c20dc2\"}"},{"dataType":"ValueEntry","value":"{\"_name\":\"isByteCodeHar\",\"_value\":false,\"_valueType\":\"boolean\",\"_hash\":\"31aa2831dc8ab7d38bfe1091d4eb58c38ef100d622c96497f4e1c6e12552058f\"}"}],"_successful":true,"_projectName":"MoodDiary","_moduleName":"entry","_taskName":"default@ProcessLibs","_key":":MoodDiary:entry:default@ProcessLibs","_executionId":":MoodDiary:entry:default@ProcessLibs:1766704833876","_inputFiles":{"dataType":"Map","value":[["D:\\code\\MoodDiary\\build-profile.json5",{"fileSnapShotHashValue":"a0f5bc442ef1281428f8ecb200644761175a546c7eea763321f94f902057fc20"}],["D:\\code\\MoodDiary\\entry\\build-profile.json5",{"fileSnapShotHashValue":"6b489b2cbaf389b6e0bcd82012f0990fe88754a63d71ed26d8ef906df8ec8617"}]]},"_outputFiles":{"dataType":"Map","value":[["D:\\code\\MoodDiary\\entry\\build\\default\\intermediates\\libs\\default",{"isDirectory":true,"fileSnapShotHashValue":""}]]}},":MoodDiary:entry:default@CompileResource":{"_inputs":[{"dataType":"ValueEntry","value":"{\"_name\":\"BUILTIN_TASK_COMMAND\",\"_value\":\"D:\\\\software\\\\DevEco Studio\\\\sdk\\\\default\\\\openharmony\\\\toolchains\\\\restool.exe,-l,D:\\\\code\\\\MoodDiary\\\\entry\\\\build\\\\default\\\\intermediates\\\\res\\\\default\\\\resConfig.json\",\"_valueType\":\"string\",\"_hash\":\"0ade605215d40dd8d4be75c69e6073a46aeaf5f2340d0bc2fcefcf4d8fb8599a\"}"},{"dataType":"ValueEntry","value":"{\"_name\":\"BUILTIN_TASK_ENV\",\"_value\":\"\",\"_valueType\":\"string\",\"_hash\":\"fab23d53b4bed861bede91aa55abd54ccbb48f2366122ec79fa9d6a917cab83a\"}"},{"dataType":"ValueEntry","value":"{\"_name\":\"BUILTIN_TASK_TOOLCHAIN\",\"_value\":\"D:\\\\software\\\\DevEco Studio\\\\sdk\\\\default\\\\openharmony\\\\toolchains\\\\restool.exe\",\"_valueType\":\"string\",\"_hash\":\"67d74226209f6b5654d2b79bc797d0559a16564572ea53ec9c31785832bb673d\"}"},{"dataType":"ValueEntry","value":"{\"_name\":\"TARGET_CONFIG\",\"_value\":\"{\\\"name\\\":\\\"default\\\"}\",\"_valueType\":\"string\",\"_hash\":\"488edc718adbec9bf0e32d067fca85bb5bdc7a08303d1a99357f15bb71642ec6\"}"},{"dataType":"ValueEntry","value":"{\"_name\":\"useNormalizedOHMUrl\",\"_value\":true,\"_valueType\":\"boolean\",\"_hash\":\"0224eeca0e5401fc0c653dbed2bab63ff91b2d1c8e23719fbab4e11e695311d9\"}"}],"_successful":true,"_projectName":"MoodDiary","_moduleName":"entry","_taskName":"default@CompileResource","_key":":MoodDiary:entry:default@CompileResource","_executionId":":MoodDiary:entry:default@CompileResource:1766711401006","_inputFiles":{"dataType":"Map","value":[["D:\\code\\MoodDiary\\entry\\src\\main\\resources",{"fileSnapShotHashValue":"a34745ba348acf475dd83b3fad27ac15f17a8fd44c151d37dbc39c9448180667"}],["D:\\code\\MoodDiary\\AppScope\\resources",{"fileSnapShotHashValue":"84ac7baaa4b5310e2b4e40660d6504691677e22d358607eba40108511b872e81"}],["D:\\code\\MoodDiary\\entry\\build\\default\\intermediates\\process_profile\\default\\module.json",{"isDirectory":false,"fileSnapShotHashValue":"fe03052cf032096755541a1a26f38dbac3879baa826d1b4ab3ddff814d7c7a67"}],["D:\\code\\MoodDiary\\entry\\build\\default\\intermediates\\res\\default\\resConfig.json",{"isDirectory":false,"fileSnapShotHashValue":"2526729f3dfd90c53550b8d6bbac440771af49a6a0ef633636c1e123bc7f8892"}]]},"_outputFiles":{"dataType":"Map","value":[["D:\\code\\MoodDiary\\entry\\build\\default\\intermediates\\res\\default",{"isDirectory":true,"fileSnapShotHashValue":"29ca6790b851ffaceb313c87540b20ad0528b5147a45ea4b5d5d49aa9408e603"}],["D:\\code\\MoodDiary\\entry\\build\\default\\generated\\r\\default\\ResourceTable.h",{"isDirectory":false,"fileSnapShotHashValue":"a067f5c43c98730f0f3bd55792568235ab496300fdeffbc7c48e3e25511a2453"}],["D:\\code\\MoodDiary\\entry\\build\\default\\generated\\r\\default",{"isDirectory":true,"fileSnapShotHashValue":"e566205b452969a6996ccf8381d8151027adb56be18d88b35dc667d9373c310e"}]]}},":MoodDiary:entry:default@DoNativeStrip":{"_inputs":[{"dataType":"ValueEntry","value":"{\"_name\":\"BUILTIN_TASK_COMMAND\",\"_value\":\"\",\"_valueType\":\"string\",\"_hash\":\"6c1049eece256c5ecd9a72bb60d260f5eaa0c767e9261531c19a2711a4384caa\"}"},{"dataType":"ValueEntry","value":"{\"_name\":\"BUILTIN_TASK_ENV\",\"_value\":\"\",\"_valueType\":\"string\",\"_hash\":\"fab23d53b4bed861bede91aa55abd54ccbb48f2366122ec79fa9d6a917cab83a\"}"},{"dataType":"ValueEntry","value":"{\"_name\":\"BUILTIN_TASK_TOOLCHAIN\",\"_value\":\"\",\"_valueType\":\"string\",\"_hash\":\"f354d8b3443da1d086e3f8d488045965d1abb7d86e6d7602e63c46d85ae85454\"}"},{"dataType":"ValueEntry","value":"{\"_name\":\"debugSymbol\",\"_value\":\"\",\"_valueType\":\"string\",\"_hash\":\"1082dd5e6f56bef4530b1600ccdfc7599cf6cc8a5c6d5087d1cab1f405df3d2f\"}"}],"_successful":true,"_projectName":"MoodDiary","_moduleName":"entry","_taskName":"default@DoNativeStrip","_key":":MoodDiary:entry:default@DoNativeStrip","_executionId":":MoodDiary:entry:default@DoNativeStrip:1766704834264","_inputFiles":{"dataType":"Map","value":[["D:\\code\\MoodDiary\\entry\\build\\default\\intermediates\\libs\\default",{"isDirectory":true,"fileSnapShotHashValue":""}]]},"_outputFiles":{"dataType":"Map","value":[["D:\\code\\MoodDiary\\entry\\build\\default\\intermediates\\stripped_native_libs\\default",{"isDirectory":true,"fileSnapShotHashValue":""}]]}},":MoodDiary:entry:default@CompileArkTS":{"_inputs":[{"dataType":"ValueEntry","value":"{\"_name\":\"debuggable\",\"_value\":true,\"_valueType\":\"boolean\"}"},{"dataType":"ValueEntry","value":"{\"_name\":\"isArk\",\"_value\":true,\"_valueType\":\"boolean\"}"},{"dataType":"ValueEntry","value":"{\"_name\":\"needCoverageInsert\",\"_value\":false,\"_valueType\":\"boolean\"}"},{"dataType":"ValueEntry","value":"{\"_name\":\"ark.tsImportSendable\",\"_value\":false,\"_valueType\":\"boolean\"}"},{"dataType":"ValueEntry","value":"{\"_name\":\"customTypes\",\"_value\":[],\"_valueType\":\"object\"}"},{"dataType":"ValueEntry","value":"{\"_name\":\"isByteCodeHarOptimize\",\"_value\":false,\"_valueType\":\"boolean\"}"},{"dataType":"ValueEntry","value":"{\"_name\":\"caseSensitiveCheck\",\"_value\":true,\"_valueType\":\"boolean\"}"},{"dataType":"ValueEntry","value":"{\"_name\":\"useNormalizedOHMUrl\",\"_value\":true,\"_valueType\":\"boolean\"}"},{"dataType":"ValueEntry","value":"{\"_name\":\"transformLib\",\"_value\":\"\",\"_valueType\":\"string\"}"},{"dataType":"ValueEntry","value":"{\"_name\":\"compatibleSdkVersionStage\",\"_value\":\"\",\"_valueType\":\"string\"}"},{"dataType":"ValueEntry","value":"{\"_name\":\"skipOhModulesLint\",\"_value\":false,\"_valueType\":\"boolean\"}"},{"dataType":"ValueEntry","value":"{\"_name\":\"autoLazyImport\",\"_value\":false,\"_valueType\":\"boolean\"}"},{"dataType":"ValueEntry","value":"{\"_name\":\"allowEmptyBundleName\",\"_value\":false,\"_valueType\":\"boolean\"}"},{"dataType":"ValueEntry","value":"{\"_name\":\"reExportCheckMode\",\"_value\":\"noCheck\",\"_valueType\":\"string\"}"},{"dataType":"ValueEntry","value":"{\"_name\":\"executionMode\",\"_value\":\"memory\",\"_valueType\":\"string\"}"},{"dataType":"ValueEntry","value":"{\"_name\":\"usePathPlaceholder\",\"_value\":false,\"_valueType\":\"boolean\"}"},{"dataType":"ValueEntry","value":"{\"_name\":\"writeRollupCache\",\"_value\":true,\"_valueType\":\"boolean\"}"},{"dataType":"ValueEntry","value":"{\"_name\":\"isExpandImportEnabled\",\"_value\":false,\"_valueType\":\"boolean\"}"},{"dataType":"ValueEntry","value":"{\"_name\":\"expandImportExclude\",\"_value\":\"\",\"_valueType\":\"string\"}"},{"dataType":"ValueEntry","value":"{\"_name\":\"lazyImportExclude\",\"_value\":\"\",\"_valueType\":\"string\"}"},{"dataType":"ValueEntry","value":"{\"_name\":\"lazyImportInclude\",\"_value\":\"\",\"_valueType\":\"string\"}"},{"dataType":"ValueEntry","value":"{\"_name\":\"ignoreCrossplatformCheck\",\"_value\":false,\"_valueType\":\"boolean\"}"},{"dataType":"ValueEntry","value":"{\"_name\":\"isHarDeduplicateEnabled\",\"_value\":false,\"_valueType\":\"boolean\"}"},{"dataType":"ValueEntry","value":"{\"_name\":\"enableStrictCheckOHModule\",\"_value\":false,\"_valueType\":\"boolean\"}"},{"dataType":"ValueEntry","value":"{\"_name\":\"useDeclarationFileSignature\",\"_value\":false,\"_valueType\":\"boolean\"}"},{"dataType":"ValueEntry","value":"{\"_name\":\"isPreloadSoEnabled\",\"_value\":false,\"_valueType\":\"boolean\"}"},{"dataType":"ValueEntry","value":"{\"_name\":\"arkTsWdiget\",\"_value\":false,\"_valueType\":\"boolean\"}"},{"dataType":"ValueEntry","value":"{\"_name\":\"OBFUSCATION_ENABLE\",\"_value\":\"undefined\",\"_valueType\":\"string\"}"},{"dataType":"ValueEntry","value":"{\"_name\":\"OBFUSCATION_FILES_HASH\",\"_value\":\"\",\"_valueType\":\"string\"}"},{"dataType":"ValueEntry","value":"{\"_name\":\"maxFlowDepth\",\"_value\":\"undefined\",\"_valueType\":\"string\"}"},{"dataType":"ValueEntry","value":"{\"_name\":\"noExternalImportByPath\",\"_value\":true,\"_valueType\":\"boolean\"}"},{"dataType":"ValueEntry","value":"{\"_name\":\"copyCodeResourceEnable\",\"_value\":false,\"_valueType\":\"boolean\"}"},{"dataType":"ValueEntry","value":"{\"_name\":\"ohos.uiTransform.Optimization\",\"_value\":false,\"_valueType\":\"boolean\"}"},{"dataType":"ValueEntry","value":"{\"_name\":\"ohos.rollupCache.useSourceHash\",\"_value\":false,\"_valueType\":\"boolean\"}"},{"dataType":"ValueEntry","value":"{\"_name\":\"localModuleParamMap\",\"_value\":\"{}\",\"_valueType\":\"string\"}"},{"dataType":"ValueEntry","value":"{\"_name\":\"autoLazyFilter\",\"_value\":\"\",\"_valueType\":\"string\"}"},{"dataType":"ValueEntry","value":"{\"_name\":\"BUILTIN_TASK_COMMAND\",\"_value\":\"\",\"_valueType\":\"string\"}"},{"dataType":"ValueEntry","value":"{\"_name\":\"BUILTIN_TASK_TOOLCHAIN\",\"_value\":\"\",\"_valueType\":\"string\"}"},{"dataType":"ValueEntry","value":"{\"_name\":\"BUILTIN_TASK_ENV\",\"_value\":\"\",\"_valueType\":\"string\"}"}],"_successful":true,"_projectName":"MoodDiary","_moduleName":"entry","_taskName":"default@CompileArkTS","_key":":MoodDiary:entry:default@CompileArkTS","_executionId":":MoodDiary:entry:default@CompileArkTS:1766726072666","_inputFiles":{"dataType":"Map","value":[["D:\\code\\MoodDiary\\entry\\build\\default\\intermediates\\loader\\default",{"isDirectory":true,"fileSnapShotHashValue":"144aa3ff190af02e16d8e3dc320bcfcad76bb6751dd2e4f6c1654a5667ad811a"}],["D:\\code\\MoodDiary\\entry\\build\\default\\intermediates\\res\\default\\resources\\rawfile",{"isDirectory":true,"fileSnapShotHashValue":""}],["D:\\code\\MoodDiary\\entry\\build\\default\\intermediates\\res\\default\\ResourceTable.txt",{"fileSnapShotHashValue":"dda2458ba58725e0aa190e0371e5e8861bce6f38055d082d43a125980bf8555c"}],["D:\\code\\MoodDiary\\entry\\build\\default\\intermediates\\res\\default\\ark_module.json",{"fileSnapShotHashValue":"b53dd2653acf5195a0d7204f962ebff98ffdbac854ae28ee06b054382e73e0e5"}],["D:\\code\\MoodDiary\\entry\\build\\default\\intermediates\\res\\default\\resources\\base\\profile",{"isDirectory":true,"fileSnapShotHashValue":"d9307a782b99e59826157313ebbb2858ac613c0ade4dbf4f8c0b9d423e0f197a"}],["D:\\code\\MoodDiary\\entry\\src\\main\\ets",{"isDirectory":true,"fileSnapShotHashValue":"77c684f0644b1ec7860e0910be01bf1b758877a1c584ddbe92afbc864f920d7d"}],["D:\\code\\MoodDiary\\entry\\build\\default\\intermediates\\loader\\default\\pkgContextInfo.json",{"fileSnapShotHashValue":"9137598b570a35782e84dee20fc7ecdaa9ab043357512e90aa031d915d056b7d"}],["D:\\code\\MoodDiary\\entry\\build\\default\\generated\\profile\\default\\BuildProfile.ets",{"fileSnapShotHashValue":"574f11e19a9594090ba76e0e72529de5fa122e7be1a8bd6674e3fda5e138fc4f"}],["D:\\code\\MoodDiary\\entry\\src\\mock\\mock-config.json5",{"isDirectory":false,"fileSnapShotHashValue":"47cc50f3b6a4b04f092139e71a7090923da17c1aef8f937553fae46499cd29e0"}]]},"_outputFiles":{"dataType":"Map","value":[["D:\\code\\MoodDiary\\entry\\build\\default\\intermediates\\loader_out\\default\\ets",{"isDirectory":true,"fileSnapShotHashValue":"de030b3b5f580daa0c3c76818a37103d7841b69e3215c11c4cff387404c733b5"}]]}},":MoodDiary:entry:default@BuildJS":{"_inputs":[{"dataType":"ValueEntry","value":"{\"_name\":\"debuggable\",\"_value\":true,\"_valueType\":\"boolean\"}"},{"dataType":"ValueEntry","value":"{\"_name\":\"isArk\",\"_value\":true,\"_valueType\":\"boolean\"}"},{"dataType":"ValueEntry","value":"{\"_name\":\"needCoverageInsert\",\"_value\":false,\"_valueType\":\"boolean\"}"},{"dataType":"ValueEntry","value":"{\"_name\":\"ark.tsImportSendable\",\"_value\":false,\"_valueType\":\"boolean\"}"},{"dataType":"ValueEntry","value":"{\"_name\":\"customTypes\",\"_value\":[],\"_valueType\":\"object\"}"},{"dataType":"ValueEntry","value":"{\"_name\":\"isByteCodeHarOptimize\",\"_value\":false,\"_valueType\":\"boolean\"}"},{"dataType":"ValueEntry","value":"{\"_name\":\"caseSensitiveCheck\",\"_value\":true,\"_valueType\":\"boolean\"}"},{"dataType":"ValueEntry","value":"{\"_name\":\"useNormalizedOHMUrl\",\"_value\":true,\"_valueType\":\"boolean\"}"},{"dataType":"ValueEntry","value":"{\"_name\":\"transformLib\",\"_value\":\"\",\"_valueType\":\"string\"}"},{"dataType":"ValueEntry","value":"{\"_name\":\"compatibleSdkVersionStage\",\"_value\":\"\",\"_valueType\":\"string\"}"},{"dataType":"ValueEntry","value":"{\"_name\":\"skipOhModulesLint\",\"_value\":false,\"_valueType\":\"boolean\"}"},{"dataType":"ValueEntry","value":"{\"_name\":\"autoLazyImport\",\"_value\":false,\"_valueType\":\"boolean\"}"},{"dataType":"ValueEntry","value":"{\"_name\":\"allowEmptyBundleName\",\"_value\":false,\"_valueType\":\"boolean\"}"},{"dataType":"ValueEntry","value":"{\"_name\":\"reExportCheckMode\",\"_value\":\"noCheck\",\"_valueType\":\"string\"}"},{"dataType":"ValueEntry","value":"{\"_name\":\"executionMode\",\"_value\":\"memory\",\"_valueType\":\"string\"}"},{"dataType":"ValueEntry","value":"{\"_name\":\"usePathPlaceholder\",\"_value\":false,\"_valueType\":\"boolean\"}"},{"dataType":"ValueEntry","value":"{\"_name\":\"writeRollupCache\",\"_value\":true,\"_valueType\":\"boolean\"}"},{"dataType":"ValueEntry","value":"{\"_name\":\"isExpandImportEnabled\",\"_value\":false,\"_valueType\":\"boolean\"}"},{"dataType":"ValueEntry","value":"{\"_name\":\"expandImportExclude\",\"_value\":\"\",\"_valueType\":\"string\"}"},{"dataType":"ValueEntry","value":"{\"_name\":\"lazyImportExclude\",\"_value\":\"\",\"_valueType\":\"string\"}"},{"dataType":"ValueEntry","value":"{\"_name\":\"lazyImportInclude\",\"_value\":\"\",\"_valueType\":\"string\"}"},{"dataType":"ValueEntry","value":"{\"_name\":\"ignoreCrossplatformCheck\",\"_value\":false,\"_valueType\":\"boolean\"}"},{"dataType":"ValueEntry","value":"{\"_name\":\"isHarDeduplicateEnabled\",\"_value\":false,\"_valueType\":\"boolean\"}"},{"dataType":"ValueEntry","value":"{\"_name\":\"enableStrictCheckOHModule\",\"_value\":false,\"_valueType\":\"boolean\"}"},{"dataType":"ValueEntry","value":"{\"_name\":\"useDeclarationFileSignature\",\"_value\":false,\"_valueType\":\"boolean\"}"},{"dataType":"ValueEntry","value":"{\"_name\":\"autoLazyFilter\",\"_value\":\"\",\"_valueType\":\"string\"}"},{"dataType":"ValueEntry","value":"{\"_name\":\"BUILTIN_TASK_COMMAND\",\"_value\":\"\",\"_valueType\":\"string\"}"},{"dataType":"ValueEntry","value":"{\"_name\":\"BUILTIN_TASK_TOOLCHAIN\",\"_value\":\"\",\"_valueType\":\"string\"}"},{"dataType":"ValueEntry","value":"{\"_name\":\"BUILTIN_TASK_ENV\",\"_value\":\"\",\"_valueType\":\"string\"}"}],"_successful":false,"_projectName":"MoodDiary","_moduleName":"entry","_taskName":"default@BuildJS","_key":":MoodDiary:entry:default@BuildJS","_executionId":":MoodDiary:entry:default@BuildJS:1766726072690","_inputFiles":{"dataType":"Map","value":[["D:\\code\\MoodDiary\\entry\\build\\default\\intermediates\\loader\\default",{"isDirectory":true,"fileSnapShotHashValue":"144aa3ff190af02e16d8e3dc320bcfcad76bb6751dd2e4f6c1654a5667ad811a"}],["D:\\code\\MoodDiary\\entry\\build\\default\\intermediates\\res\\default\\resources\\rawfile",{"isDirectory":true,"fileSnapShotHashValue":""}],["D:\\code\\MoodDiary\\entry\\build\\default\\intermediates\\res\\default\\ResourceTable.txt",{"fileSnapShotHashValue":"dda2458ba58725e0aa190e0371e5e8861bce6f38055d082d43a125980bf8555c"}],["D:\\code\\MoodDiary\\entry\\build\\default\\intermediates\\res\\default\\ark_module.json",{"fileSnapShotHashValue":"b53dd2653acf5195a0d7204f962ebff98ffdbac854ae28ee06b054382e73e0e5"}],["D:\\code\\MoodDiary\\entry\\build\\default\\intermediates\\res\\default\\resources\\base\\profile",{"isDirectory":true,"fileSnapShotHashValue":"d9307a782b99e59826157313ebbb2858ac613c0ade4dbf4f8c0b9d423e0f197a"}],["D:\\code\\MoodDiary\\entry\\build\\default\\intermediates\\loader\\default\\pkgContextInfo.json",{"fileSnapShotHashValue":"9137598b570a35782e84dee20fc7ecdaa9ab043357512e90aa031d915d056b7d"}]]},"_outputFiles":{"dataType":"Map","value":[["D:\\code\\MoodDiary\\entry\\build\\default\\intermediates\\loader_out\\default\\js",{"isDirectory":true,"fileSnapShotHashValue":""}]]}},":MoodDiary:entry:default@CacheNativeLibs":{"_inputs":[{"dataType":"ValueEntry","value":"{\"_name\":\"BUILTIN_TASK_COMMAND\",\"_value\":\"\",\"_valueType\":\"string\",\"_hash\":\"6c1049eece256c5ecd9a72bb60d260f5eaa0c767e9261531c19a2711a4384caa\"}"},{"dataType":"ValueEntry","value":"{\"_name\":\"BUILTIN_TASK_ENV\",\"_value\":\"\",\"_valueType\":\"string\",\"_hash\":\"fab23d53b4bed861bede91aa55abd54ccbb48f2366122ec79fa9d6a917cab83a\"}"},{"dataType":"ValueEntry","value":"{\"_name\":\"BUILTIN_TASK_TOOLCHAIN\",\"_value\":\"\",\"_valueType\":\"string\",\"_hash\":\"f354d8b3443da1d086e3f8d488045965d1abb7d86e6d7602e63c46d85ae85454\"}"},{"dataType":"ValueEntry","value":"{\"_name\":\"debugSymbol\",\"_value\":\"\",\"_valueType\":\"string\",\"_hash\":\"1082dd5e6f56bef4530b1600ccdfc7599cf6cc8a5c6d5087d1cab1f405df3d2f\"}"}],"_successful":true,"_projectName":"MoodDiary","_moduleName":"entry","_taskName":"default@CacheNativeLibs","_key":":MoodDiary:entry:default@CacheNativeLibs","_executionId":":MoodDiary:entry:default@CacheNativeLibs:1766704834298","_inputFiles":{"dataType":"Map","value":[["D:\\code\\MoodDiary\\entry\\build\\default\\intermediates\\stripped_native_libs\\default",{"isDirectory":true,"fileSnapShotHashValue":""}],["D:\\code\\MoodDiary\\entry\\build\\default\\intermediates\\libs\\default",{"isDirectory":true,"fileSnapShotHashValue":""}]]},"_outputFiles":{"dataType":"Map","value":[["D:\\code\\MoodDiary\\entry\\build\\default\\intermediates\\patch\\default\\base_native_libs.json",{"isDirectory":false,"fileSnapShotHashValue":"7a91ed954d569e20294c7602102309eab75799f72fe09827d1803b033bc5b12f"}]]}},":MoodDiary:entry:default@GeneratePkgModuleJson":{"_inputs":[{"dataType":"ValueEntry","value":"{\"_name\":\"BUILTIN_TASK_COMMAND\",\"_value\":\"\",\"_valueType\":\"string\",\"_hash\":\"6c1049eece256c5ecd9a72bb60d260f5eaa0c767e9261531c19a2711a4384caa\"}"},{"dataType":"ValueEntry","value":"{\"_name\":\"BUILTIN_TASK_ENV\",\"_value\":\"\",\"_valueType\":\"string\",\"_hash\":\"fab23d53b4bed861bede91aa55abd54ccbb48f2366122ec79fa9d6a917cab83a\"}"},{"dataType":"ValueEntry","value":"{\"_name\":\"BUILTIN_TASK_TOOLCHAIN\",\"_value\":\"\",\"_valueType\":\"string\",\"_hash\":\"f354d8b3443da1d086e3f8d488045965d1abb7d86e6d7602e63c46d85ae85454\"}"}],"_successful":true,"_projectName":"MoodDiary","_moduleName":"entry","_taskName":"default@GeneratePkgModuleJson","_key":":MoodDiary:entry:default@GeneratePkgModuleJson","_executionId":":MoodDiary:entry:default@GeneratePkgModuleJson:1766711413560","_inputFiles":{"dataType":"Map","value":[["D:\\code\\MoodDiary\\entry\\build\\default\\intermediates\\res\\default\\module.json",{"fileSnapShotHashValue":"f9a4d1d6c80f2277b08f0862249634fe21da5c685532e6c879c6fb986ae66490"}]]},"_outputFiles":{"dataType":"Map","value":[["D:\\code\\MoodDiary\\entry\\build\\default\\intermediates\\package\\default\\module.json",{"fileSnapShotHashValue":"1c495bd61ee8067463bb61ac6026627c9e591623ee68aca8cb859fedaa512191"}]]}},":MoodDiary:entry:default@ProcessCompiledResources":{"_inputs":[{"dataType":"ValueEntry","value":"{\"_name\":\"resourcePath\",\"_value\":\"D:\\\\code\\\\MoodDiary\\\\entry\\\\build\\\\default\\\\intermediates\\\\res\\\\default\\\\resources\",\"_valueType\":\"string\"}"},{"dataType":"ValueEntry","value":"{\"_name\":\"BUILTIN_TASK_COMMAND\",\"_value\":\"\",\"_valueType\":\"string\"}"},{"dataType":"ValueEntry","value":"{\"_name\":\"BUILTIN_TASK_TOOLCHAIN\",\"_value\":\"\",\"_valueType\":\"string\"}"},{"dataType":"ValueEntry","value":"{\"_name\":\"BUILTIN_TASK_ENV\",\"_value\":\"\",\"_valueType\":\"string\"}"}],"_successful":false,"_projectName":"MoodDiary","_moduleName":"entry","_taskName":"default@ProcessCompiledResources","_key":":MoodDiary:entry:default@ProcessCompiledResources","_executionId":":MoodDiary:entry:default@ProcessCompiledResources:1766726074029","_inputFiles":{"dataType":"Map","value":[]},"_outputFiles":{"dataType":"Map","value":[]}},":MoodDiary:entry:default@PackageHap":{"_inputs":[{"dataType":"ValueEntry","value":"{\"_name\":\"hotReload\",\"_value\":false,\"_valueType\":\"boolean\"}"},{"dataType":"ValueEntry","value":"{\"_name\":\"integrated_hsp\",\"_value\":false,\"_valueType\":\"boolean\"}"},{"dataType":"ValueEntry","value":"{\"_name\":\"projectConfigAppOpt\",\"_valueType\":\"undefined\"}"},{"dataType":"ValueEntry","value":"{\"_name\":\"sourceMapDir\",\"_value\":\"\",\"_valueType\":\"string\"}"},{"dataType":"ValueEntry","value":"{\"_name\":\"bundleType\",\"_value\":\"app\",\"_valueType\":\"string\"}"},{"dataType":"ValueEntry","value":"{\"_name\":\"BUILTIN_TASK_COMMAND\",\"_value\":\"java,-Dfile.encoding=GBK,-jar,D:\\\\software\\\\DevEco Studio\\\\sdk\\\\default\\\\openharmony\\\\toolchains\\\\lib\\\\app_packing_tool.jar,--mode,hap,--force,true,--lib-path,D:\\\\code\\\\MoodDiary\\\\entry\\\\build\\\\default\\\\intermediates\\\\stripped_native_libs\\\\default,--json-path,D:\\\\code\\\\MoodDiary\\\\entry\\\\build\\\\default\\\\intermediates\\\\package\\\\default\\\\module.json,--resources-path,D:\\\\code\\\\MoodDiary\\\\entry\\\\build\\\\default\\\\intermediates\\\\res\\\\default\\\\resources,--index-path,D:\\\\code\\\\MoodDiary\\\\entry\\\\build\\\\default\\\\intermediates\\\\res\\\\default\\\\resources.index,--pack-info-path,D:\\\\code\\\\MoodDiary\\\\entry\\\\build\\\\default\\\\outputs\\\\default\\\\pack.info,--out-path,D:\\\\code\\\\MoodDiary\\\\entry\\\\build\\\\default\\\\outputs\\\\default\\\\entry-default-unsigned.hap,--ets-path,D:\\\\code\\\\MoodDiary\\\\entry\\\\build\\\\default\\\\intermediates\\\\loader_out\\\\default\\\\ets,--pkg-context-path,D:\\\\code\\\\MoodDiary\\\\entry\\\\build\\\\default\\\\intermediates\\\\loader\\\\default\\\\pkgContextInfo.json\",\"_valueType\":\"string\"}"},{"dataType":"ValueEntry","value":"{\"_name\":\"BUILTIN_TASK_TOOLCHAIN\",\"_value\":\"D:\\\\software\\\\DevEco Studio\\\\sdk\\\\default\\\\openharmony\\\\toolchains\\\\lib\\\\app_packing_tool.jar\",\"_valueType\":\"string\"}"},{"dataType":"ValueEntry","value":"{\"_name\":\"BUILTIN_TASK_ENV\",\"_value\":\"\",\"_valueType\":\"string\"}"}],"_successful":true,"_projectName":"MoodDiary","_moduleName":"entry","_taskName":"default@PackageHap","_key":":MoodDiary:entry:default@PackageHap","_executionId":":MoodDiary:entry:default@PackageHap:1766726074033","_inputFiles":{"dataType":"Map","value":[["D:\\code\\MoodDiary\\entry\\build\\default\\intermediates\\stripped_native_libs\\default",{"isDirectory":false,"fileSnapShotHashValue":""}],["D:\\code\\MoodDiary\\entry\\build\\default\\intermediates\\res\\default\\module.json",{"isDirectory":false,"fileSnapShotHashValue":"f9a4d1d6c80f2277b08f0862249634fe21da5c685532e6c879c6fb986ae66490"}],["D:\\code\\MoodDiary\\entry\\build\\default\\intermediates\\res\\default\\resources",{"isDirectory":false,"fileSnapShotHashValue":"0adc6f1eeefce50feb016b4515a14b5c518c0e9c063954728dc4c3febc1e1002"}],["D:\\code\\MoodDiary\\entry\\build\\default\\intermediates\\res\\default\\resources.index",{"isDirectory":false,"fileSnapShotHashValue":"38a52e872db42a07227116b10c32ad5fce3b7f204a871d5a44c22575e8dcca4a"}],["D:\\code\\MoodDiary\\entry\\build\\default\\outputs\\default\\pack.info",{"isDirectory":false,"fileSnapShotHashValue":"b16b4dd409fde251dc16feb55332b9b9b5451446b0a0b3907c0e8ce9243023a0"}],["D:\\code\\MoodDiary\\entry\\build\\default\\intermediates\\loader_out\\default\\ets",{"isDirectory":false,"fileSnapShotHashValue":"de030b3b5f580daa0c3c76818a37103d7841b69e3215c11c4cff387404c733b5"}],["D:\\code\\MoodDiary\\entry\\build\\default\\intermediates\\loader\\default\\pkgContextInfo.json",{"isDirectory":false,"fileSnapShotHashValue":"9137598b570a35782e84dee20fc7ecdaa9ab043357512e90aa031d915d056b7d"}],["D:\\code\\MoodDiary\\entry\\build\\default\\intermediates\\loader_out\\default\\ets\\sourceMaps.map",{"isDirectory":false,"fileSnapShotHashValue":"5d6f09098155781560cfd0df2bd32f1a27af6dbd5cbc8f38128d47035101f9ca"}],["D:\\code\\MoodDiary\\entry\\build\\default\\generated\\profile\\default\\BuildProfile.ets",{"fileSnapShotHashValue":"574f11e19a9594090ba76e0e72529de5fa122e7be1a8bd6674e3fda5e138fc4f"}]]},"_outputFiles":{"dataType":"Map","value":[["D:\\code\\MoodDiary\\entry\\build\\default\\outputs\\default\\entry-default-unsigned.hap",{"isDirectory":false,"fileSnapShotHashValue":"8f1f0be78ba543a7bfd54c476904259fc7f23b7a22b52b7a27a86ba7074738b2"}],["D:\\code\\MoodDiary\\entry\\build\\default\\intermediates\\source_map\\default\\sourceMaps.map",{"fileSnapShotHashValue":"5d6f09098155781560cfd0df2bd32f1a27af6dbd5cbc8f38128d47035101f9ca"}],["D:\\code\\MoodDiary\\entry\\build\\default\\outputs\\default\\mapping\\sourceMaps.map",{"fileSnapShotHashValue":"5d6f09098155781560cfd0df2bd32f1a27af6dbd5cbc8f38128d47035101f9ca"}]]}},":MoodDiary:entry:default@SignHap":{"_inputs":[{"dataType":"ValueEntry","value":"{\"_name\":\"enableSignTask\",\"_value\":true,\"_valueType\":\"boolean\"}"},{"dataType":"ValueEntry","value":"{\"_name\":\"sdkToolchainsComponentVersion\",\"_value\":\"6.0.1.116\",\"_valueType\":\"string\"}"},{"dataType":"ValueEntry","value":"{\"_name\":\"existSigningConfig\",\"_value\":false,\"_valueType\":\"boolean\"}"},{"dataType":"ValueEntry","value":"{\"_name\":\"BUILTIN_TASK_COMMAND\",\"_value\":\"\",\"_valueType\":\"string\"}"},{"dataType":"ValueEntry","value":"{\"_name\":\"BUILTIN_TASK_TOOLCHAIN\",\"_value\":\"\",\"_valueType\":\"string\"}"},{"dataType":"ValueEntry","value":"{\"_name\":\"BUILTIN_TASK_ENV\",\"_value\":\"\",\"_valueType\":\"string\"}"}],"_successful":true,"_projectName":"MoodDiary","_moduleName":"entry","_taskName":"default@SignHap","_key":":MoodDiary:entry:default@SignHap","_executionId":":MoodDiary:entry:default@SignHap:1766726074109","_inputFiles":{"dataType":"Map","value":[["D:\\code\\MoodDiary\\entry\\build\\default\\outputs\\default\\entry-default-unsigned.hap",{"isDirectory":false,"fileSnapShotHashValue":"8f1f0be78ba543a7bfd54c476904259fc7f23b7a22b52b7a27a86ba7074738b2"}]]},"_outputFiles":{"dataType":"Map","value":[["D:\\code\\MoodDiary\\entry\\build\\default\\outputs\\default\\entry-default-signed.hap",{"isDirectory":false,"fileSnapShotHashValue":""}]]}},":MoodDiary:entry:default@CollectDebugSymbol":{"_inputs":[{"dataType":"ValueEntry","value":"{\"_name\":\"BUILTIN_TASK_COMMAND\",\"_value\":\"\",\"_valueType\":\"string\"}"},{"dataType":"ValueEntry","value":"{\"_name\":\"BUILTIN_TASK_TOOLCHAIN\",\"_value\":\"\",\"_valueType\":\"string\"}"},{"dataType":"ValueEntry","value":"{\"_name\":\"BUILTIN_TASK_ENV\",\"_value\":\"\",\"_valueType\":\"string\"}"}],"_successful":false,"_projectName":"MoodDiary","_moduleName":"entry","_taskName":"default@CollectDebugSymbol","_key":":MoodDiary:entry:default@CollectDebugSymbol","_executionId":":MoodDiary:entry:default@CollectDebugSymbol:1766726074112","_inputFiles":{"dataType":"Map","value":[["D:\\code\\MoodDiary\\entry\\build\\default\\intermediates\\loader_out\\default\\ets\\sourceMaps.map",{"fileSnapShotHashValue":"5d6f09098155781560cfd0df2bd32f1a27af6dbd5cbc8f38128d47035101f9ca"}],["D:\\code\\MoodDiary\\entry\\build\\default\\intermediates\\libs\\default",{"isDirectory":true,"fileSnapShotHashValue":""}]]},"_outputFiles":{"dataType":"Map","value":[["D:\\code\\MoodDiary\\entry\\build\\default\\outputs\\default\\symbol",{"isDirectory":true,"fileSnapShotHashValue":""}]]}}}