{"key": "entry|entry|1.0.0|src/main/ets/entryability/EntryAbility.ts", "val": {"version":3,"file":"EntryAbility.ets","sourceRoot":"","sources":["entry/src/main/ets/entryability/EntryAbility.ets"],"names":[],"mappings":"YAAS,eAAe;OAAE,qBAAqB;OAAE,SAAS;YAAE,IAAI;OACvD,KAAK;YACL,MAAM;AAEf,MAAM,CAAC,OAAO,OAAO,YAAa,SAAQ,SAAS;IACjD,QAAQ,CAAC,IAAI,EAAE,IAAI,EAAE,WAAW,EAAE,eAAe,CAAC,WAAW,GAAG,IAAI;QAClE,IAAI,CAAC,OAAO,CAAC,qBAAqB,EAAE,CAAC,YAAY,CAAC,qBAAqB,CAAC,SAAS,CAAC,kBAAkB,CAAC,CAAC;IACxG,CAAC;IAED,mBAAmB,CAAC,WAAW,EAAE,MAAM,CAAC,WAAW,GAAG,IAAI;QACxD,yCAAyC;QACzC,WAAW,CAAC,WAAW,CAAC,aAAa,EAAE,CAAC,GAAG,EAAE,EAAE;YAC7C,IAAI,GAAG,CAAC,IAAI,EAAE;gBACZ,KAAK,CAAC,KAAK,CAAC,MAAM,EAAE,SAAS,EAAE,+CAA+C,EAAE,IAAI,CAAC,SAAS,CAAC,GAAG,CAAC,IAAI,EAAE,CAAC,CAAC;gBAC3G,OAAO;aACR;YACD,KAAK,CAAC,IAAI,CAAC,MAAM,EAAE,SAAS,EAAE,mCAAmC,CAAC,CAAC;QACrE,CAAC,CAAC,CAAC;IACL,CAAC;IAED,oBAAoB,IAAI,IAAI;IAC5B,CAAC;IAED,YAAY,IAAI,IAAI;IACpB,CAAC;IAED,YAAY,IAAI,IAAI;IACpB,CAAC;CACF","entry-package-info":"entry|1.0.0"}}
{"key": "entry|entry|1.0.0|src/main/ets/entrybackupability/EntryBackupAbility.ts", "val": {"version":3,"file":"EntryBackupAbility.ets","sourceRoot":"","sources":["entry/src/main/ets/entrybackupability/EntryBackupAbility.ets"],"names":[],"mappings":"OAAS,KAAK;OACL,sBAAsB;cAAE,aAAa,IAAb,aAAa;AAE9C,MAAM,MAAM,GAAG,MAAM,CAAC;AAEtB,MAAM,CAAC,OAAO,OAAO,kBAAmB,SAAQ,sBAAsB;IACpE,KAAK,CAAC,QAAQ;QACZ,KAAK,CAAC,IAAI,CAAC,MAAM,EAAE,SAAS,EAAE,aAAa,CAAC,CAAC;QAC7C,MAAM,OAAO,CAAC,OAAO,EAAE,CAAC;IAC1B,CAAC;IAED,KAAK,CAAC,SAAS,CAAC,aAAa,EAAE,aAAa;QAC1C,KAAK,CAAC,IAAI,CAAC,MAAM,EAAE,SAAS,EAAE,yBAAyB,EAAE,IAAI,CAAC,SAAS,CAAC,aAAa,CAAC,CAAC,CAAC;QACxF,MAAM,OAAO,CAAC,OAAO,EAAE,CAAC;IAC1B,CAAC;CACF","entry-package-info":"entry|1.0.0"}}
{"key": "entry|entry|1.0.0|src/main/ets/model/MoodData.ts", "val": {"version":3,"file":"MoodData.ets","sourceRoot":"","sources":["entry/src/main/ets/model/MoodData.ets"],"names":[],"mappings":"AAAA,8CAA8C;AAC9C,MAAM,CAAC,OAAO,OAAO,QAAQ;IAC3B,EAAE,EAAE,MAAM,GAAG,IAAI,GAAG,IAAI,CAAC;IACzB,IAAI,EAAE,MAAM,CAAC,CAAS,WAAW;IACjC,QAAQ,EAAE,MAAM,CAAC,CAAK,yBAAyB;IAC/C,SAAS,EAAE,MAAM,CAAC,CAAI,eAAe;IACrC,MAAM,EAAE,MAAM,CAAC,CAAO,OAAO;IAC7B,YAAY,EAAE,MAAM,CAAC,CAAC,OAAO;IAC7B,MAAM,EAAE,MAAM,CAAC,CAAO,OAAO;IAE7B,YAAY,EAAE,EAAE,MAAM,EAAE,IAAI,EAAE,MAAM,EAAE,QAAQ,EAAE,MAAM,EAAE,SAAS,EAAE,MAAM,EAAE,MAAM,EAAE,MAAM,EAAE,YAAY,EAAE,MAAM,EAAE,MAAM,EAAE,MAAM;QAC7H,IAAI,CAAC,EAAE,GAAG,EAAE,CAAC;QACb,IAAI,CAAC,IAAI,GAAG,IAAI,CAAC;QACjB,IAAI,CAAC,QAAQ,GAAG,QAAQ,CAAC;QACzB,IAAI,CAAC,SAAS,GAAG,SAAS,CAAC;QAC3B,IAAI,CAAC,MAAM,GAAG,MAAM,CAAC;QACrB,IAAI,CAAC,YAAY,GAAG,YAAY,CAAC;QACjC,IAAI,CAAC,MAAM,GAAG,MAAM,CAAC;IACvB,CAAC;CACF","entry-package-info":"entry|1.0.0"}}
{"key": "entry|entry|1.0.0|src/main/ets/pages/Index.ts", "val": {"version":3,"file":"Index.ets","sourceRoot":"","sources":["entry/src/main/ets/pages/Index.ets"],"names":[],"mappings":";;;;IAgBU,KAAK,GAAE,QAAQ,EAAE;IAWlB,WAAW,GAAE,MAAM;IACnB,iBAAiB,GAAE,MAAM;IACzB,SAAS,GAAE,MAAM;IACjB,UAAU,GAAE,MAAM;;OA9BlB,MAAM;OACR,MAAM;OACN,QAAQ;cACN,aAAa,IAAb,aAAa;YACb,MAAM;AAEf,wCAAwC;AACxC,UAAU,QAAQ;IAChB,IAAI,EAAE,MAAM,CAAC;IACb,IAAI,EAAE,MAAM,CAAC;CACd;MAIM,KAAK;IAFZ;;;;;qBAI8B;YAC1B,EAAE,IAAI,EAAE,IAAI,EAAE,IAAI,EAAE,IAAI,EAAE;YAC1B,EAAE,IAAI,EAAE,IAAI,EAAE,IAAI,EAAE,IAAI,EAAE;YAC1B,EAAE,IAAI,EAAE,IAAI,EAAE,IAAI,EAAE,IAAI,EAAE;YAC1B,EAAE,IAAI,EAAE,IAAI,EAAE,IAAI,EAAE,IAAI,EAAE;YAC1B,EAAE,IAAI,EAAE,IAAI,EAAE,IAAI,EAAE,IAAI,EAAE;YAC1B,EAAE,IAAI,EAAE,IAAI,EAAE,IAAI,EAAE,IAAI,EAAE;YAC1B,EAAE,IAAI,EAAE,IAAI,EAAE,IAAI,EAAE,IAAI,EAAE;YAC1B,EAAE,IAAI,EAAE,IAAI,EAAE,IAAI,EAAE,IAAI,EAAE;SAC3B;0DAE4B,EAAE;gEACI,CAAC,CAAC;wDACV,CAAC;yDACA,EAAE;;;KApB/B;;;;;;;;;;;;;;;;;;;;;;;;;;;;;;;;;;IAKC,WAAW;IACX,OAAO,QAAQ,QAAQ,EAAE,CASvB;IAEF,gDAAoB,MAAM,EAAM;QAAzB,WAAW;;;QAAX,WAAW,WAAE,MAAM;;;IAC1B,sDAA0B,MAAM,EAAM;QAA/B,iBAAiB;;;QAAjB,iBAAiB,WAAE,MAAM;;;IAChC,8CAAkB,MAAM,EAAK;QAAtB,SAAS;;;QAAT,SAAS,WAAE,MAAM;;;IACxB,+CAAmB,MAAM,EAAM;QAAxB,UAAU;;;QAAV,UAAU,WAAE,MAAM;;;IAEzB,aAAa;QACX,MAAM,IAAI,GAAG,IAAI,IAAI,EAAE,CAAC;QACxB,aAAa;QACb,IAAI,CAAC,WAAW,GAAG,GAAG,IAAI,CAAC,QAAQ,EAAE,GAAG,CAAC,IAAI,IAAI,CAAC,OAAO,EAAE,GAAG,CAAC;QAC/D,8BAA8B;QAC9B,IAAI,OAAO,GAAG,UAAU,CAAC,IAAI,CAAC,IAAI,MAAM,CAAC,gBAAgB,CAAC;QAC1D,MAAM,CAAC,IAAI,CAAC,OAAO,CAAC,CAAC,IAAI,CAAC,GAAG,EAAE;YAC7B,OAAO,CAAC,GAAG,CAAC,gBAAgB,CAAC,CAAC;QAChC,CAAC,CAAC,CAAC,KAAK,CAAC,CAAC,GAAG,EAAE,KAAK,EAAE,EAAE;YACtB,OAAO,CAAC,KAAK,CAAC,eAAe,EAAE,GAAG,CAAC,CAAC;QACtC,CAAC,CAAC,CAAC;IACL,CAAC;IAED;;YACE,MAAM;;YAAN,MAAM,CAqGL,MAAM,CAAC,MAAM;YArGd,MAAM,CAsGL,KAAK,CAAC,MAAM;YAtGb,MAAM,CAuGL,eAAe,CAAC,SAAS;;;YAtGxB,eAAe;YACf,IAAI,QAAC,IAAI,CAAC,WAAW;;YADrB,eAAe;YACf,IAAI,CACD,QAAQ,CAAC,EAAE;YAFd,eAAe;YACf,IAAI,CAED,UAAU,CAAC,UAAU,CAAC,IAAI;YAH7B,eAAe;YACf,IAAI,CAGD,MAAM,CAAC,EAAE,GAAG,EAAE,EAAE,EAAE,MAAM,EAAE,EAAE,EAAE;YAJjC,eAAe;YACf,IAAI,CAID,KAAK,CAAC,MAAM;YALf,eAAe;YACf,IAAI,CAKD,OAAO,CAAC,EAAE,IAAI,EAAE,EAAE,EAAE;;QANvB,eAAe;QACf,IAAI;;YAOJ,IAAI,QAAC,UAAU;;YAAf,IAAI,CACD,QAAQ,CAAC,EAAE;YADd,IAAI,CAED,SAAS,CAAC,MAAM;YAFnB,IAAI,CAGD,KAAK,CAAC,MAAM;YAHf,IAAI,CAID,OAAO,CAAC,EAAE,IAAI,EAAE,EAAE,EAAE,MAAM,EAAE,EAAE,EAAE;;QAJnC,IAAI;;YAMJ,wBAAwB;YACxB,IAAI;;YADJ,wBAAwB;YACxB,IAAI,CAmBH,eAAe,CAAC,iBAAiB;YApBlC,wBAAwB;YACxB,IAAI,CAoBH,OAAO,CAAC,EAAE;YArBX,wBAAwB;YACxB,IAAI,CAqBH,MAAM,CAAC,GAAG;YAtBX,wBAAwB;YACxB,IAAI,CAsBH,KAAK,CAAC,KAAK;;;YArBV,OAAO;mDAA8B,KAAK,EAAE,MAAM;;;;;;;;;;4BAE9C,MAAM;;4BAAN,MAAM,CAIL,KAAK,CAAC,EAAE;4BAJT,MAAM,CAKL,MAAM,CAAC,EAAE;4BALV,MAAM,CAML,cAAc,CAAC,SAAS,CAAC,MAAM;4BANhC,MAAM,CAOL,YAAY,CAAC,EAAE;4BAPhB,MAAM,CAQL,eAAe,CAAC,IAAI,CAAC,iBAAiB,KAAK,KAAK,CAAC,CAAC,CAAC,SAAS,CAAC,CAAC,CAAC,SAAS;4BARzE,MAAM,CASL,MAAM,CAAC,EAAE,KAAK,EAAE,CAAC,EAAE,KAAK,EAAE,IAAI,CAAC,iBAAiB,KAAK,KAAK,CAAC,CAAC,CAAC,SAAS,CAAC,CAAC,CAAC,aAAa,EAAE;4BATzF,MAAM,CAUL,OAAO,CAAC,GAAG,EAAE;gCACZ,IAAI,CAAC,iBAAiB,GAAG,KAAK,CAAC;4BACjC,CAAC;;;4BAXC,IAAI,QAAC,IAAI,CAAC,IAAI;;4BAAd,IAAI,CAAY,QAAQ,CAAC,EAAE;;wBAA3B,IAAI;;4BACJ,IAAI,QAAC,IAAI,CAAC,IAAI;;4BAAd,IAAI,CAAY,QAAQ,CAAC,EAAE;4BAA3B,IAAI,CAAyB,SAAS,CAAC,MAAM;4BAA7C,IAAI,CAA2C,MAAM,CAAC,EAAE,GAAG,EAAE,CAAC,EAAE;;wBAAhE,IAAI;wBAFN,MAAM;wBADR,QAAQ;;;;;+CADF,IAAI,CAAC,KAAK;;QAAlB,OAAO;QAFT,wBAAwB;QACxB,IAAI;;;YAwBJ,oBAAoB;YACpB,IAAI,IAAI,CAAC,iBAAiB,KAAK,CAAC,CAAC,EAAE;;;wBACjC,MAAM;;;;wBACJ,OAAO;;wBAAP,OAAO,CAAG,MAAM,CAAC,EAAE,GAAG,EAAE,EAAE,EAAE,MAAM,EAAE,EAAE,EAAE;;;wBAExC,GAAG;;wBAAH,GAAG,CAcD,KAAK,CAAC,KAAK;wBAdb,GAAG,CAcY,MAAM,CAAC,EAAE,MAAM,EAAE,EAAE,EAAE;;;wBAblC,IAAI,QAAC,MAAM,GAAG,IAAI,CAAC,SAAS;;wBAA5B,IAAI,CAA0B,QAAQ,CAAC,EAAE;wBAAzC,IAAI,CAAuC,UAAU,CAAC,UAAU,CAAC,IAAI;wBAArE,IAAI,CAAmE,KAAK,CAAC,EAAE;;oBAA/E,IAAI;;wBACJ,MAAM,QAAC;4BACL,KAAK,EAAE,IAAI,CAAC,SAAS;4BACrB,GAAG,EAAE,CAAC;4BACN,GAAG,EAAE,EAAE;4BACP,IAAI,EAAE,CAAC;4BACP,KAAK,EAAE,WAAW,CAAC,MAAM;yBAC1B;;wBAND,MAAM,CAOH,YAAY,CAAC,CAAC;wBAPjB,MAAM,CAQH,SAAS,CAAC,IAAI;wBARjB,MAAM,CASH,QAAQ,CAAC,CAAC,KAAK,EAAE,MAAM,EAAE,EAAE;4BAC1B,IAAI,CAAC,SAAS,GAAG,KAAK,CAAC;wBACzB,CAAC;;oBAbL,GAAG;;wBAgBH,SAAS,QAAC,EAAE,WAAW,EAAE,iBAAiB,EAAE;;wBAA5C,SAAS,CACN,KAAK,CAAC,KAAK;wBADd,SAAS,CAEN,MAAM,CAAC,EAAE;wBAFZ,SAAS,CAGN,eAAe,CAAC,SAAS;wBAH5B,SAAS,CAIN,YAAY,CAAC,EAAE;wBAJlB,SAAS,CAKN,QAAQ,CAAC,CAAC,KAAK,EAAE,EAAE;4BAClB,IAAI,CAAC,UAAU,GAAG,KAAK,CAAC;wBAC1B,CAAC;wBAPH,SAAS,CAQN,MAAM,CAAC,EAAE,MAAM,EAAE,EAAE,EAAE;;;wBAExB,MAAM,iBAAC,MAAM,EAAE,EAAE,IAAI,EAAE,UAAU,CAAC,OAAO,EAAE;;wBAA3C,MAAM,CACH,KAAK,CAAC,KAAK;wBADd,MAAM,CAEH,MAAM,CAAC,EAAE;wBAFZ,MAAM,CAGH,eAAe,CAAC,SAAS;wBAH5B,MAAM,CAIH,OAAO,CAAC,GAAG,EAAE;4BACZ,IAAI,CAAC,QAAQ,EAAE,CAAC;wBAClB,CAAC;;oBANH,MAAM;oBA7BR,MAAM;;aAqCP;YAED,0CAA0C;;;;aAFzC;;;;YAED,0CAA0C;YAC1C,KAAK;;;QADL,0CAA0C;QAC1C,KAAK;;YAEL,mBAAmB;YACnB,GAAG;;YADH,mBAAmB;YACnB,GAAG,CAYF,KAAK,CAAC,MAAM;YAbb,mBAAmB;YACnB,GAAG,CAaF,cAAc,CAAC,SAAS,CAAC,MAAM;;;YAZ9B,MAAM,iBAAC,WAAW;;YAAlB,MAAM,CACH,eAAe,CAAC,SAAS;YAD5B,MAAM,CAEH,SAAS,CAAC,MAAM;YAFnB,MAAM,CAGH,KAAK,CAAC,KAAK;YAHd,MAAM,CAIH,MAAM,CAAC,EAAE;YAJZ,MAAM,CAKH,MAAM,CAAC,EAAE,MAAM,EAAE,EAAE,EAAE;YALxB,MAAM,CAMH,OAAO,CAAC,GAAG,EAAE;gBACZ,SAAS;gBACT,MAAM,CAAC,OAAO,CAAC,EAAE,GAAG,EAAE,mBAAmB,EAAE,CAAC,CAAC;YAC/C,CAAC;;QATH,MAAM;QAFR,mBAAmB;QACnB,GAAG;QArFL,MAAM;KAwGP;IAED,WAAW;IACX,QAAQ;QACN,IAAI,OAAO,GAAG,IAAI,QAAQ,CACxB,CAAC,EACD,IAAI,IAAI,EAAE,CAAC,OAAO,EAAE,EACpB,IAAI,CAAC,iBAAiB,EACtB,IAAI,CAAC,SAAS,EACd,IAAI,CAAC,UAAU,EACf,EAAE,EACF,EAAE,CACH,CAAC;QAEF,MAAM,CAAC,MAAM,CAAC,OAAO,CAAC,CAAC,IAAI,CAAC,CAAC,EAAE,EAAE,EAAE;YACjC,WAAW,CAAC,IAAI,CAAC,EAAE,OAAO,EAAE,SAAS,EAAE,CAAC,CAAC;YACzC,cAAc;YACd,IAAI,CAAC,iBAAiB,GAAG,CAAC,CAAC,CAAC;YAC5B,IAAI,CAAC,UAAU,GAAG,EAAE,CAAC;YACrB,IAAI,CAAC,SAAS,GAAG,CAAC,CAAC;QACrB,CAAC,CAAC,CAAC,KAAK,CAAC,CAAC,GAAG,EAAE,aAAa,EAAE,EAAE;YAC9B,WAAW,CAAC,IAAI,CAAC,EAAE,OAAO,EAAE,QAAQ,GAAG,GAAG,CAAC,OAAO,EAAE,CAAC,CAAC;QACxD,CAAC,CAAC,CAAC;IACL,CAAC","entry-package-info":"entry|1.0.0"}}
{"key": "entry|entry|1.0.0|src/main/ets/pages/MoodHistory.ts", "val": {"version":3,"file":"MoodHistory.ets","sourceRoot":"","sources":["entry/src/main/ets/pages/MoodHistory.ets"],"names":[],"mappings":";;;;IAaS,WAAW,GAAE,QAAQ,EAAE;IAGtB,KAAK,GAAE,QAAQ,EAAE;;OAhBlB,MAAM;OACR,MAAM;YACN,QAAQ,MAAM,mBAAmB;AAExC,4CAA4C;AAC5C,UAAU,QAAQ;IAChB,IAAI,EAAE,MAAM,CAAC;IACb,IAAI,EAAE,MAAM,CAAC;CACd;MAIM,WAAW;IAFlB;;;;;0DAGmC,EAAE;qBAGP;YAC1B,EAAE,IAAI,EAAE,IAAI,EAAE,IAAI,EAAE,IAAI,EAAE;YAC1B,EAAE,IAAI,EAAE,IAAI,EAAE,IAAI,EAAE,IAAI,EAAE;YAC1B,EAAE,IAAI,EAAE,IAAI,EAAE,IAAI,EAAE,IAAI,EAAE;YAC1B,EAAE,IAAI,EAAE,IAAI,EAAE,IAAI,EAAE,IAAI,EAAE;YAC1B,EAAE,IAAI,EAAE,IAAI,EAAE,IAAI,EAAE,IAAI,EAAE;YAC1B,EAAE,IAAI,EAAE,IAAI,EAAE,IAAI,EAAE,IAAI,EAAE;YAC1B,EAAE,IAAI,EAAE,IAAI,EAAE,IAAI,EAAE,IAAI,EAAE;YAC1B,EAAE,IAAI,EAAE,IAAI,EAAE,IAAI,EAAE,IAAI,EAAE;SAC3B;;;KAjBF;;;;;;;;;;;;;;;;;;;IAKC,gDAAoB,QAAQ,EAAE,EAAM;QAA7B,WAAW;;;QAAX,WAAW,WAAE,QAAQ,EAAE;;;IAE9B,6BAA6B;IAC7B,OAAO,QAAQ,QAAQ,EAAE,CASvB;IAEF,UAAU;QACR,aAAa;QACb,MAAM,CAAC,QAAQ,EAAE,CAAC,IAAI,CAAC,CAAC,IAAI,EAAE,EAAE;YAC9B,IAAI,CAAC,WAAW,GAAG,IAAI,CAAC;QAC1B,CAAC,CAAC,CAAC;IACL,CAAC;IAED,SAAS;IACT,UAAU,CAAC,SAAS,EAAE,MAAM,GAAG,MAAM;QACnC,MAAM,IAAI,GAAG,IAAI,IAAI,CAAC,SAAS,CAAC,CAAC;QACjC,uBAAuB;QACvB,MAAM,KAAK,GAAG,IAAI,CAAC,QAAQ,EAAE,GAAG,CAAC,CAAC;QAClC,MAAM,GAAG,GAAG,IAAI,CAAC,OAAO,EAAE,CAAC;QAC3B,MAAM,KAAK,GAAG,IAAI,CAAC,QAAQ,EAAE,CAAC,QAAQ,EAAE,CAAC,QAAQ,CAAC,CAAC,EAAE,GAAG,CAAC,CAAC;QAC1D,MAAM,OAAO,GAAG,IAAI,CAAC,UAAU,EAAE,CAAC,QAAQ,EAAE,CAAC,QAAQ,CAAC,CAAC,EAAE,GAAG,CAAC,CAAC;QAC9D,OAAO,GAAG,KAAK,IAAI,GAAG,KAAK,KAAK,IAAI,OAAO,EAAE,CAAC;IAChD,CAAC;IAED;;YACE,MAAM;;YAAN,MAAM,CAyEL,MAAM,CAAC,MAAM;YAzEd,MAAM,CA0EL,KAAK,CAAC,MAAM;YA1Eb,MAAM,CA2EL,eAAe,CAAC,SAAS;;;YA1ExB,gBAAgB;YAChB,GAAG;;YADH,gBAAgB;YAChB,GAAG,CAaF,KAAK,CAAC,MAAM;YAdb,gBAAgB;YAChB,GAAG,CAcF,OAAO,CAAC,EAAE,IAAI,EAAE,EAAE,EAAE,KAAK,EAAE,EAAE,EAAE,GAAG,EAAE,EAAE,EAAE,MAAM,EAAE,EAAE,EAAE;YAfrD,gBAAgB;YAChB,GAAG,CAeF,eAAe,CAAC,SAAS;;;YAdxB,IAAI,QAAC,MAAM;;YAAX,IAAI,CACD,QAAQ,CAAC,EAAE;YADd,IAAI,CAED,SAAS,CAAC,SAAS;YAFtB,IAAI,CAGD,OAAO,CAAC,GAAG,EAAE;gBACZ,MAAM,CAAC,IAAI,EAAE,CAAC;YAChB,CAAC;;QALH,IAAI;;YAOJ,IAAI,QAAC,MAAM;;YAAX,IAAI,CACD,QAAQ,CAAC,EAAE;YADd,IAAI,CAED,UAAU,CAAC,UAAU,CAAC,IAAI;YAF7B,IAAI,CAGD,MAAM,CAAC,EAAE,IAAI,EAAE,EAAE,EAAE;;QAHtB,IAAI;QATN,gBAAgB;QAChB,GAAG;;;YAiBH,eAAe;YACf,gBAAgB;YAChB,IAAI,IAAI,CAAC,WAAW,CAAC,MAAM,KAAK,CAAC,EAAE;;;wBACjC,MAAM;;wBAAN,MAAM,CAIJ,KAAK,CAAC,MAAM;;;wBAHZ,IAAI,QAAC,WAAW;;wBAAhB,IAAI,CACD,SAAS,CAAC,MAAM;wBADnB,IAAI,CAED,MAAM,CAAC,EAAE,GAAG,EAAE,GAAG,EAAE;;oBAFtB,IAAI;oBADN,MAAM;;aAKP;iBAAM;;;wBACL,IAAI,QAAC,EAAE,KAAK,EAAE,EAAE,EAAE;;wBAAlB,IAAI,CAuCH,KAAK,CAAC,KAAK;wBAvCZ,IAAI,CAwCH,YAAY,CAAC,CAAC;wBAxCf,IAAI,CAyCH,MAAM,CAAC,EAAE,GAAG,EAAE,EAAE,EAAE;wBAzCnB,IAAI,CA0CH,SAAS,CAAC,QAAQ,CAAC,IAAI;;;wBAzCtB,OAAO;;;;;;;;wCACL,QAAQ;;;;;;;;;;;wCACN,GAAG;;wCAAH,GAAG,CA6BF,KAAK,CAAC,MAAM;wCA7Bb,GAAG,CA8BF,OAAO,CAAC,EAAE;wCA9BX,GAAG,CA+BF,eAAe,CAAC,SAAS;wCA/B1B,GAAG,CAgCF,YAAY,CAAC,EAAE;;;wCA/Bd,QAAQ;wCACR,qBAAqB;wCACrB,IAAI,QAAC,IAAI,CAAC,KAAK,CAAC,IAAI,CAAC,QAAQ,CAAC,CAAC,CAAC,CAAC,IAAI,CAAC,KAAK,CAAC,IAAI,CAAC,QAAQ,CAAC,CAAC,IAAI,CAAC,CAAC,CAAC,GAAG;;wCAFrE,QAAQ;wCACR,qBAAqB;wCACrB,IAAI,CACD,QAAQ,CAAC,EAAE;wCAHd,QAAQ;wCACR,qBAAqB;wCACrB,IAAI,CAED,MAAM,CAAC,EAAE,KAAK,EAAE,EAAE,EAAE;;oCAJvB,QAAQ;oCACR,qBAAqB;oCACrB,IAAI;;wCAIJ,QAAQ;wCACR,MAAM;;wCADN,QAAQ;wCACR,MAAM,CAYL,UAAU,CAAC,eAAe,CAAC,KAAK;wCAbjC,QAAQ;wCACR,MAAM,CAaL,YAAY,CAAC,CAAC;;;wCAZb,IAAI,QAAC,IAAI,CAAC,UAAU,CAAC,IAAI,CAAC,IAAI,CAAC;;wCAA/B,IAAI,CACD,QAAQ,CAAC,EAAE;wCADd,IAAI,CAED,SAAS,CAAC,MAAM;wCAFnB,IAAI,CAGD,MAAM,CAAC,EAAE,MAAM,EAAE,CAAC,EAAE;;oCAHvB,IAAI;;wCAKJ,IAAI,QAAC,IAAI,CAAC,MAAM,CAAC,CAAC,CAAC,IAAI,CAAC,MAAM,CAAC,CAAC,CAAC,SAAS;;wCAA1C,IAAI,CACD,QAAQ,CAAC,EAAE;wCADd,IAAI,CAED,SAAS,CAAC,MAAM;wCAFnB,IAAI,CAGD,QAAQ,CAAC,CAAC;wCAHb,IAAI,CAID,YAAY,CAAC,EAAE,QAAQ,EAAE,YAAY,CAAC,QAAQ,EAAE;;oCAJnD,IAAI;oCAPN,QAAQ;oCACR,MAAM;;wCAeN,QAAQ;wCACR,IAAI,QAAC,IAAI,CAAC,SAAS,GAAG,GAAG;;wCADzB,QAAQ;wCACR,IAAI,CACD,QAAQ,CAAC,EAAE;wCAFd,QAAQ;wCACR,IAAI,CAED,UAAU,CAAC,UAAU,CAAC,IAAI;wCAH7B,QAAQ;wCACR,IAAI,CAGD,SAAS,CAAC,SAAS;;oCAJtB,QAAQ;oCACR,IAAI;oCAxBN,GAAG;oCADL,QAAQ;;;gCAAR,QAAQ;;;2DADF,IAAI,CAAC,WAAW;;oBAAxB,OAAO;oBADT,IAAI;;aA2CL;;;QAvEH,MAAM;KA4EP","entry-package-info":"entry|1.0.0"}}
{"key": "entry|entry|1.0.0|src/main/ets/utils/MoodDB.ts", "val": {"version":3,"file":"MoodDB.ets","sourceRoot":"","sources":["entry/src/main/ets/utils/MoodDB.ets"],"names":[],"mappings":"OACS,eAAe;YACf,MAAM;cACN,aAAa,IAAb,aAAa;OACf,QAAQ;AAEf,MAAM,CAAC,OAAO,OAAO,MAAM;IACzB,OAAO,CAAC,MAAM,CAAC,QAAQ,EAAE,eAAe,CAAC,QAAQ,GAAG,SAAS,GAAG,SAAS,CAAC;IAE1E,sBAAsB;IACtB,OAAO,CAAC,MAAM,CAAC,QAAQ,CAAC,gBAAgB,GACtC,8KAA8K,CAAC;IAEjL,wCAAwC;IACxC,MAAM,CAAC,IAAI,CAAC,OAAO,EAAE,MAAM,CAAC,gBAAgB,GAAG,OAAO,CAAC,IAAI,CAAC;QAC1D,IAAI,MAAM,CAAC,QAAQ,EAAE;YACnB,iBAAiB;YACjB,OAAO,OAAO,CAAC,OAAO,EAAE,CAAC;SAC1B;QAED,MAAM,YAAY,EAAE,eAAe,CAAC,WAAW,GAAG;YAChD,IAAI,EAAE,cAAc;YACpB,aAAa,EAAE,eAAe,CAAC,aAAa,CAAC,EAAE;SAChD,CAAC;QAEF,OAAO,IAAI,OAAO,CAAC,CAAC,OAAO,EAAE,MAAM,EAAE,EAAE;YACrC,eAAe,CAAC,WAAW,CAAC,OAAO,EAAE,YAAY,EAAE,CAAC,GAAG,EAAE,KAAK,EAAE,EAAE;gBAChE,IAAI,GAAG,EAAE;oBACP,OAAO,CAAC,KAAK,CAAC,mBAAmB,GAAG,CAAC,OAAO,EAAE,CAAC,CAAC;oBAChD,MAAM,CAAC,GAAG,CAAC,CAAC;oBACZ,OAAO;iBACR;gBACD,OAAO;gBACP,IAAI,KAAK,EAAE;oBACT,KAAK,CAAC,UAAU,CAAC,MAAM,CAAC,gBAAgB,CAAC,CAAC;oBAC1C,MAAM,CAAC,QAAQ,GAAG,KAAK,CAAC;oBACxB,OAAO,CAAC,IAAI,CAAC,aAAa,CAAC,CAAC;oBAC5B,OAAO,EAAE,CAAC;iBACX;YACH,CAAC,CAAC,CAAC;QACL,CAAC,CAAC,CAAC;IACL,CAAC;IAED,0BAA0B;IAC1B,MAAM,CAAC,KAAK,CAAC,MAAM,CAAC,IAAI,EAAE,QAAQ,GAAG,OAAO,CAAC,MAAM,CAAC;QAClD,IAAI,CAAC,MAAM,CAAC,QAAQ,EAAE;YACpB,OAAO,OAAO,CAAC,MAAM,CAAC,IAAI,KAAK,CAAC,wBAAwB,CAAC,CAAC,CAAC;SAC5D;QACD,MAAM,WAAW,EAAE,eAAe,CAAC,YAAY,GAAG;YAChD,MAAM,EAAE,IAAI,CAAC,IAAI;YACjB,UAAU,EAAE,IAAI,CAAC,QAAQ;YACzB,WAAW,EAAE,IAAI,CAAC,SAAS;YAC3B,QAAQ,EAAE,IAAI,CAAC,MAAM;YACrB,cAAc,EAAE,IAAI,CAAC,YAAY;YACjC,QAAQ,EAAE,IAAI,CAAC,MAAM;SACtB,CAAC;QACF,OAAO,MAAM,CAAC,QAAQ,CAAC,MAAM,CAAC,YAAY,EAAE,WAAW,CAAC,CAAC;IAC3D,CAAC;IAED,UAAU;IACV,MAAM,CAAC,QAAQ,IAAI,OAAO,CAAC,KAAK,CAAC,QAAQ,CAAC,CAAC;QACzC,IAAI,UAAU,GAAG,IAAI,eAAe,CAAC,aAAa,CAAC,YAAY,CAAC,CAAC;QACjE,UAAU,CAAC,WAAW,CAAC,MAAM,CAAC,CAAC;QAE/B,OAAO,IAAI,OAAO,CAAC,KAAK,CAAC,QAAQ,CAAC,EAAE,CAAC,OAAO,EAAE,MAAM,EAAE,EAAE;YACtD,IAAI,CAAC,MAAM,CAAC,QAAQ,EAAE;gBACpB,OAAO,CAAC,EAAE,CAAC,CAAC,CAAC,eAAe;gBAC5B,OAAO;aACR;YACD,MAAM,CAAC,QAAQ,CAAC,KAAK,CAAC,UAAU,CAAC,CAAC,IAAI,CAAC,CAAC,SAAS,EAAE,EAAE;gBACnD,IAAI,QAAQ,GAAG,IAAI,KAAK,CAAC,QAAQ,GAAG,CAAC;gBACrC,OAAO,SAAS,CAAC,WAAW,EAAE,EAAE;oBAC9B,QAAQ,CAAC,IAAI,CAAC,IAAI,QAAQ,CACxB,SAAS,CAAC,OAAO,CAAC,SAAS,CAAC,cAAc,CAAC,IAAI,CAAC,CAAC,EACjD,SAAS,CAAC,OAAO,CAAC,SAAS,CAAC,cAAc,CAAC,MAAM,CAAC,CAAC,EACnD,SAAS,CAAC,OAAO,CAAC,SAAS,CAAC,cAAc,CAAC,UAAU,CAAC,CAAC,EACvD,SAAS,CAAC,OAAO,CAAC,SAAS,CAAC,cAAc,CAAC,WAAW,CAAC,CAAC,EACxD,SAAS,CAAC,SAAS,CAAC,SAAS,CAAC,cAAc,CAAC,QAAQ,CAAC,CAAC,EACvD,SAAS,CAAC,SAAS,CAAC,SAAS,CAAC,cAAc,CAAC,cAAc,CAAC,CAAC,EAC7D,SAAS,CAAC,SAAS,CAAC,SAAS,CAAC,cAAc,CAAC,QAAQ,CAAC,CAAC,CACxD,CAAC,CAAC;iBACJ;gBACD,SAAS,CAAC,KAAK,EAAE,CAAC;gBAClB,OAAO,CAAC,QAAQ,CAAC,CAAC;YACpB,CAAC,CAAC,CAAC,KAAK,CAAC,CAAC,GAAG,EAAE,aAAa,EAAE,EAAE;gBAC9B,MAAM,CAAC,GAAG,CAAC,CAAC;YACd,CAAC,CAAC,CAAC;QACL,CAAC,CAAC,CAAC;IACL,CAAC;CACF","entry-package-info":"entry|1.0.0"}}