{
  "HVIGOR_OHOS_PLUGIN": {
    "MODULES": [
      {
        "MODULE_NAME": "923fe53966c6cd9343e11af776cd4b05be315ea4b200b02e4d5dfb0f929b73bf",
        "API_TYPE": "stageMode",
        "INCREMENTAL_TASKS": {
          "COMPILE_ARKTS": true
        }
      }
    ],
    "NATIVE_COMPILER": "Default",
    "BUILD_MODE": "debug"
  },
  "HVIGOR": {
    "IS_INCREMENTAL": true,
    "IS_DAEMON": true,
    "IS_PARALLEL": true,
    "IS_HVIGORFILE_TYPE_CHECK": false,
    "TASK_TIME": {
      "923fe53966c6cd9343e11af776cd4b05be315ea4b200b02e4d5dfb0f929b73bf": {
        "CreateModuleInfo": 1345700,
        "ConfigureCmake": 619800,
        "PreCheckSyscap": 791600,
        "ProcessIntegratedHsp": 1566400,
        "BuildNativeWithCmake": 396400,
        "SyscapTransform": 2557600,
        "ProcessStartupConfig": 2519100,
        "BuildNativeWithNinja": 691200,
        "BuildJS": 2823500,
        "CompileArkTS": 1356967400,
        "ProcessCompiledResources": 1295000,
        "PackageHap": 67343700,
        "PackingCheck": 5706600,
        "SignHap": 1943200,
        "CollectDebugSymbol": 1355000,
        "assembleHap": 391900
      }
    },
    "APIS": [
      "getHvigorConfig",
      "getRootNodeDescriptor",
      "getChildNode",
      "getNodeByName",
      "getAllNodes",
      "getRootNode",
      "getNodeName",
      "getNodePath",
      "subNodes",
      "getExtraOption",
      "getExtParam",
      "getExtParams",
      "getProperty",
      "getProperties",
      "getParameter",
      "getProductName",
      "nodesEvaluated",
      "getCommandEntryTask",
      "getStartParams"
    ],
    "CONFIG_PROPERTIES": {},
    "TOTAL_TIME": 1773877500,
    "BUILD_ID": "202512261314323480"
  }
}