{"deviceType":"phone","buildMode":"debug","note":"false","logLevel":"3","isPreview":"true","checkEntry":"true","port":"29905","localPropertiesPath":"D:\\code\\MoodDiary\\local.properties","Path":"D:\\software\\DevEco Studio\\tools\\node\\","aceProfilePath":"D:\\code\\MoodDiary\\entry\\.preview\\default\\intermediates\\res\\default\\resources\\base\\profile","hapMode":"false","img2bin":"true","projectProfilePath":"D:\\code\\MoodDiary\\build-profile.json5","watchMode":"true","appResource":"D:\\code\\MoodDiary\\entry\\.preview\\default\\intermediates\\res\\default\\ResourceTable.txt","aceBuildJson":"D:\\code\\MoodDiary\\entry\\.preview\\default\\intermediates\\loader\\default\\loader.json","aceModuleRoot":"D:\\code\\MoodDiary\\entry\\src\\main\\ets","aceSoPath":"D:\\code\\MoodDiary\\entry\\.preview\\cache\\nativeDependencies.txt","cachePath":"D:\\code\\MoodDiary\\entry\\.preview\\cache\\.default","aceModuleBuild":"D:\\code\\MoodDiary\\entry\\.preview\\default\\intermediates\\assets\\default\\ets","aceModuleJsonPath":"D:\\code\\MoodDiary\\entry\\.preview\\default\\intermediates\\res\\default\\module.json","stageRouterConfig":{"paths":["D:\\code\\MoodDiary\\entry\\.preview\\default\\intermediates\\res\\default\\module.json","D:\\code\\MoodDiary\\entry\\.preview\\default\\intermediates\\res\\default\\resources\\base\\profile\\main_pages.json"],"contents":["{\"module\":{\"pages\":\"$profile:main_pages\",\"name\":\"entry\"}}","{\"src\":[\"pages/Index\",\"pages/MoodHistory\"]}"]}}